Workbook

Sheet Intro
B2: Audit Day Justification (ADJ) for ISO 9001, ISO 14001 and/or ISO 45001
B3: ='Revision History'!B10 -> Version 2.2
B5: Intent of Use:
B7: Auditors shall use the present file to calculate audit days for the upcoming Certification Cycle (i.e. CR & SVs visits), or in case any interim changes have taken place, whereas Sales colleagues need to use this for any new Opportunity (i.e. IA, CTA, ToA) for certifications on our Core products (i.e. ISO 9001, ISO 14001 and/or ISO 45001). The purpose of this is to ensure that the correct information needed is collected and validated: - for the completion of the Technical Review, - the provision of proper justification for Accreditation purposes, - to have realistic and correct information in our systems, and - to update the contract(s) between LRQA and the clients. Therefore, it is crucial that Sales enter the information as provided by the client while Auditors confirm this information with the clients, as a minimum, during the Focus Visit.
B10: Using the file:
B12: For your convenience, start entering information in the sheets following from left to right tabs. All information in 'Client Info' sheet shall be completed in full in order for the other sheets to be filled in automatically.
B13: In the 'Client Info' tab you shall enter the information applicable to the Client (i.e. applicable Products, Codes, ), including all Sites (e.g. site name, address, whatever will distinguish the site), marking the applicable Standards with 'Yes' in the corresponding columns.
B15: Clarifications: The cells that cannot be modified are greyed out, whereas the cells that need your input are color tinted. ALWAYS use a new file from the template; do NOT use an existing file from another client and 'Save as...'.
B16: Furthermore, throughout this file, you will see at several points text showing in Dark Mint color; note that this is automatically calculated and cannot be changed.
B18: For guidance on how to correctly complete the ADJ, please click on the icons and refer to the training guides available:
B22: Naming the file:
B24: When it comes to under which name the file shall be saved, note that the file name will need to begin with the letters ADJ, followed by anything else. You can include descriptive information, such as - for Auditors, the BOS Contract ID, the Job Number, the visit type etc., - for Sales, the Company Name, Opportunity Type, etc. as there is not limitation on this. But, you DEFINITELY need to use the ADJ letters as a prefix. For example, the file can be stored under the name structure since it starts with 'ADJ':
B25: ADJ_[BOSContractID]_[JobNo]_[VisitType].xlsx
B27: Mandatory!
... B47: Click here to Start

Sheet Client Info
B1: Client Information
B3: For your convenience, start entering information in tabs from left to right. Information in the present sheet shall be completed in full in order for the other sheets to be filled in automatically! Clarifications: The cells that cannot be modified are greyed out, whereas the cells that need your input are color tinted. ALWAYS use a new file from the template; do NOT use an existing file from another client and 'Save as...'.
B5: Cell color description: | C5: Input (mandatory) | D5: Input (optional) | E5: Output (automatically calculated) | F5: Errors (entries need to be fixed) | G5: Link to follow for Guidance
B7: Throughout this file, you will see at several points text showing in italic format and in grey color. These are Notes that will help you by providing clarifications of the nearby cells
B8: If text showing in Dark Mint color, note that this is automatically calculated and cannot be changed.
B9: If text showing in Coral color, then this area needs attention.
B11: Please enter the basic information below, which you should already have (from the Job Note, etc):
B14: Report Data
B16: Date created: | E16: Created by:
F17: Enter (Team) Lead Auditor name / Sales Opportunity Owner
B18: Client Details
B20: Client/Account name: | E20: BOS Contract Number ID: (for existing clients)
B22: Any special comments for this Account(s)? | E22: Opportunity Name/link: (only for Sales)
B25: Standard(s): | C25: Mark as applicable with "Yes" | D25: Risk/Complexity | E25: Reason for selection of Risk/Complexity:
B26: ISO 9001 | E26: =IF(C26="YES","As per MD 5","")
B27: ISO 14001 | E27: =IF(C27="YES","As per MD 5","")
B28: ISO 45001 | E28: =IF(C28="YES","As per MD 5","")
D29: =IF(OR(D26="High",D27="High",D28="High"),"If Complexity/Risk is set to High, don't forget to add Adjustment Factors that increase audit time! (see Adjustment Factors tab)","")
B30: Notes:
B31: Complexity/Risk category shall be determined based on MD5, Annexes 1, 2 and 3 respectively. For examples of Linkage between Business Sectors and Complexity Categories Risks, see Tables QMS 1, EMS 2 and OH&SMS 2 by clicking on the MD5 file link below: | F31: IAF MD5 Issue 4 Version 3 (Rev Date: 14-Jun-2023)
B32: It is expected that business activities defined as low risk may require less audit time than the time calculated using Tables QMS 1, EMS 2 and OH&SMS 2 activities defined as medium risk will take the time calculated in the tables and activities defined as high risk will take more time; thus, audit days shall be decreased/increased accordingly by adding adequate Adjustment Factors.
B36: Audit Frequency
B38: Transfer / Takeover of Approval (ToA)
B40: Does this regard a ToA? | D40: At what stage is the client transferring?
B43: Change to Approval (CTA)
B45: Does this regard a CTA? | D45: What does this CTA cover?
E46: Describe what changes have been made to the client's certification, that affect upcoming audit visit's duration e.g. new site has been added, number of ENP has changed, addition of new process/production line changing Risk/Complexity level etc
B49: Sites Details
B50: Please enter Site details and delete all Sites and Standards that are not applicable. E.g. if you only have 1 site (Main/H.O.) for ISO 9001 only, enter by replacing existing information in the cell that contains "Site 01" and delete the info in the cells for the rest Sites 2 to 100 as well as the "Yes" entries under columns ISO 14001 and ISO 45001.
B52: Sites and Multi-Site Certification
B54: Is this a Multi-Site Certification? | D54: Is the Main Site excluded from Calculation? | F54: No
B55: Reduction % Due to Multi-Site: | C55: =IF('Client Info'!C54="Yes",20,0) -> 0 | D55: =IF(C55<>0,"%","")
B56: by selecting Yes, you indicate that this Certification satisfy the Eligibility criteria of MD 1 for a Multi-Site Certification
B58: If Yes, please name the Processes/ Sampling Names | C58: No Sampling Applicable | D58: Group/Activity A, e.g. Sales | E58: Group/Activity B, e.g. Production | F58: Group/Activity C, e.g. Storage | G58: Group/Activity D, e.g. Laboratories
B59: (create Samples manually for Sites with similar processes/activities)
D60: Standards Applicable | J60: Sampling Name
B61: Site Name/Description | C61: Address | D61: =IF(C26<>"Yes","",B26) | E61: =IF(C27<>"Yes","",B27) | F61: =IF(C28<>"Yes","",B28)
B63: All Sites | D63: {=IF(OR(D64:D164="Yes"),"Yes","")} | E63: {=IF(OR(E64:E164="Yes"),"Yes","")} | F63: {=IF(OR(F64:F164="Yes"),"Yes","")}
G64: Main Site/H.O. shall always be in the first row! | J64: Not included in Sampling - Main Site needs to be visited at least once annually
J65: No Sampling Applicable
J66: No Sampling Applicable
J67: No Sampling Applicable
J68: No Sampling Applicable
J69: No Sampling Applicable
J70: No Sampling Applicable
J71: No Sampling Applicable
J72: No Sampling Applicable
J73: No Sampling Applicable
J74: No Sampling Applicable
J75: No Sampling Applicable
J76: No Sampling Applicable
... J164: No Sampling Applicable
B178: Hidden Cells
B180: Data for Lists:
B181: Risk/Complexity | C181: Does the whole Team hold activity codes for all products? | D181: Is Standard Applicable?
B182: Limited | C182: Yes | D182: Yes
B183: Low | C183: No | D183: No
B184: Medium
B185: High

Sheet Overview
B1: Overview
B2: Client Details
B3: Account Name: | C3: ='Client Info'!C20 -> 0 | I3: Created by: | K3: ='Client Info'!F16 -> 0
J4: (Team) Lead Auditor / Sales Opportunity Owner
B5: BOS Contract Number: | C5: ='Client Info'!F20 -> 0 | D5: Opportunity Name/link: | E5: ='Client Info'!F22 -> 0
B7: Product Summary
B9: Int Reduction: | C9: ='Integrated Reduction'!C29 | D9: % | E9: =IF('Client Info'!C54="Yes",CONCATENATE("Multi-Site Certification Reduction: -",'Client Info'!C55,"%"),"")
B10: =IF(OR(C13="Yes",C14="Yes",C15="Yes"),"↖","") | C10: =IF(OR(C13="Yes",C14="Yes",C15="Yes"),"Go to Integrated Reduction tab to select Level of Integration (click link on the left)","") | F10: Proposed Audit Days, per visit type / per product
B12: Product Name | C12: Is Product Integrated? (select Yes or No, as applicable) | D12: Complexity | F12: IA | G12: SV1 | H12: =IF('Client Info'!C36="6-monthly","SV2",IF(OR('Client Info'!C36="9-monthly",'Client Info'!C36="12-monthly"),"","")) | I12: =IF('Client Info'!C36="6-monthly","SV3",IF('Client Info'!C36="9-monthly","SV2","")) | J12: =IF('Client Info'!C36="6-monthly","SV4",IF(OR('Client Info'!C36="12-monthly",'Client Info'!C36="9-monthly"),"")) -> FALSE | K12: FV | L12: CR | M12: Remarks
B13: =IF('Client Info'!$C$26="Yes","ISO 9001","--") -> -- | D13: ='Client Info'!D26 -> 0 | F13: ='Manual Adjustments'!H8+'Manual Adjustments'!I8 -> 0 | G13: ='Manual Adjustments'!J8 -> #N/A | H13: ='Manual Adjustments'!K8 -> 0 | I13: ='Manual Adjustments'!L8 -> 0 | J13: ='Manual Adjustments'!M8 -> #N/A | K13: ='Manual Adjustments'!N8 -> #N/A | L13: ='Manual Adjustments'!O8 -> 0
B14: =IF('Client Info'!$C$27="Yes","ISO 14001","--") -> -- | D14: ='Client Info'!D27 -> 0 | F14: ='Manual Adjustments'!H10+'Manual Adjustments'!I10 -> 0 | G14: ='Manual Adjustments'!J10 -> #N/A | H14: ='Manual Adjustments'!K10 -> 0 | I14: ='Manual Adjustments'!L10 -> 0 | J14: ='Manual Adjustments'!M10 -> #N/A | K14: ='Manual Adjustments'!N10 -> #N/A | L14: ='Manual Adjustments'!O10 -> 0
B15: =IF('Client Info'!$C$28="Yes","ISO 45001","--") -> -- | D15: ='Client Info'!D28 -> 0 | F15: ='Manual Adjustments'!H12+'Manual Adjustments'!I12 -> 0 | G15: ='Manual Adjustments'!J12 -> #N/A | H15: ='Manual Adjustments'!K12 -> 0 | I15: ='Manual Adjustments'!L12 -> 0 | J15: ='Manual Adjustments'!M12 -> #N/A | K15: ='Manual Adjustments'!N12 -> #N/A | L15: ='Manual Adjustments'!O12 -> 0
B17: Total Number of Days (for all products combined) | F17: ='Manual Adjustments'!H15+'Manual Adjustments'!I15 -> 0 | G17: ='Manual Adjustments'!J15 -> #N/A | H17: ='Manual Adjustments'!K15 -> 0 | I17: ='Manual Adjustments'!L15 -> 0 | J17: ='Manual Adjustments'!M15 -> #N/A | K17: ='Manual Adjustments'!N15 -> #N/A | L17: ='Manual Adjustments'!O15 -> 0
B18: Does this regard a ToA? | C18: =IF('Client Info'!C40<>"Yes","No",'Client Info'!C40) -> No | D18: At what stage is the client transferring? | E18: ='Client Info'!E40 -> 0
B19: Does this regard a CTA? | C19: =IF('Client Info'!C45<>"Yes","No",'Client Info'!C45) -> No | D19: Reason for CTA | E19: ='Client Info'!E45 -> 0
B20: Calculate Audit Details
B22: Sites (if appicable): | C22: ENP | D22: Nominal Days | E22: Calculated Adjusted Days, per site / per product
D23: (for IA) | E23: IA | G23: SV1 | H23: =IF('Client Info'!C36="6-monthly","SV2",IF(OR('Client Info'!C36="9-monthly",'Client Info'!C36="12-monthly"),"","")) | I23: =IF('Client Info'!C36="6-monthly","SV3",IF('Client Info'!C36="9-monthly","SV2","")) | J23: =IF('Client Info'!C36="6-monthly","SV4",IF(OR('Client Info'!C36="12-monthly",'Client Info'!C36="9-monthly"),"")) -> FALSE | K23: FV | L23: CR
E24: Stage 1 | F24: Stage 2
B25: ='Client Info'!B64 -> 0
B26: ='Effective Employees'!B13 -> N/A | C26: ='Effective Employees'!F13 -> 0 | D26: ='Manual Adjustments'!G27 -> 0 | E26: =IF('Manual Adjustments'!H27<0.5,CEILING('Manual Adjustments'!H27,0.25),MROUND('Manual Adjustments'!H27,0.5)) -> 0 | F26: =IF('Manual Adjustments'!I27<0.5,CEILING('Manual Adjustments'!I27,0.25),MROUND('Manual Adjustments'!I27,0.25)) -> 0 | G26: =IF('Manual Adjustments'!J27<0.5,CEILING('Manual Adjustments'!J27,0.25),MROUND('Manual Adjustments'!J27,0.25)) -> #N/A | H26: =IF('Manual Adjustments'!K27<0.5,CEILING('Manual Adjustments'!K27,0.25),MROUND('Manual Adjustments'!K27,0.5)) -> 0 | I26: =IF('Manual Adjustments'!L27<0.5,CEILING('Manual Adjustments'!L27,0.25),MROUND('Manual Adjustments'!L27,0.25)) -> 0 | J26: =IF('Manual Adjustments'!M27<0.5,CEILING('Manual Adjustments'!M27,0.25),MROUND('Manual Adjustments'!M27,0.25)) -> #N/A | K26: =IF('Manual Adjustments'!N27<0.5,CEILING('Manual Adjustments'!N27,0.25),MROUND('Manual Adjustments'!N27,0.25)) -> #N/A | L26: =IF('Manual Adjustments'!O27<0.5,CEILING('Manual Adjustments'!O27,0.25),MROUND('Manual Adjustments'!O27,0.25)) -> 0
B27: ='Effective Employees'!B14 -> N/A | C27: ='Effective Employees'!F14 -> 0 | D27: ='Manual Adjustments'!G28 -> 0 | E27: =IF('Manual Adjustments'!H28<0.5,CEILING('Manual Adjustments'!H28,0.25),MROUND('Manual Adjustments'!H28,0.5)) -> 0 | F27: =IF('Manual Adjustments'!I28<0.5,CEILING('Manual Adjustments'!I28,0.25),MROUND('Manual Adjustments'!I28,0.25)) -> 0 | G27: =IF('Manual Adjustments'!J28<0.5,CEILING('Manual Adjustments'!J28,0.25),MROUND('Manual Adjustments'!J28,0.25)) -> #N/A | H27: =IF('Manual Adjustments'!K28<0.5,CEILING('Manual Adjustments'!K28,0.25),MROUND('Manual Adjustments'!K28,0.25)) -> 0 | I27: =IF('Manual Adjustments'!L28<0.5,CEILING('Manual Adjustments'!L28,0.25),MROUND('Manual Adjustments'!L28,0.25)) -> 0 | J27: =IF('Manual Adjustments'!M28<0.5,CEILING('Manual Adjustments'!M28,0.25),MROUND('Manual Adjustments'!M28,0.25)) -> #N/A | K27: =IF('Manual Adjustments'!N28<0.5,CEILING('Manual Adjustments'!N28,0.25),MROUND('Manual Adjustments'!N28,0.25)) -> #N/A | L27: =IF('Manual Adjustments'!O28<0.5,CEILING('Manual Adjustments'!O28,0.25),MROUND('Manual Adjustments'!O28,0.25)) -> 0
B28: ='Effective Employees'!B15 -> N/A | C28: ='Effective Employees'!F15 -> 0 | D28: ='Manual Adjustments'!G29 -> 0 | E28: =IF('Manual Adjustments'!H29<0.5,CEILING('Manual Adjustments'!H29,0.25),MROUND('Manual Adjustments'!H29,0.5)) -> 0 | F28: =IF('Manual Adjustments'!I29<0.5,CEILING('Manual Adjustments'!I29,0.25),MROUND('Manual Adjustments'!I29,0.25)) -> 0 | G28: =IF('Manual Adjustments'!J29<0.5,CEILING('Manual Adjustments'!J29,0.25),MROUND('Manual Adjustments'!J29,0.25)) -> #N/A | H28: =IF('Manual Adjustments'!K29<0.5,CEILING('Manual Adjustments'!K29,0.25),MROUND('Manual Adjustments'!K29,0.25)) -> 0 | I28: =IF('Manual Adjustments'!L29<0.5,CEILING('Manual Adjustments'!L29,0.25),MROUND('Manual Adjustments'!L29,0.25)) -> 0 | J28: =IF('Manual Adjustments'!M29<0.5,CEILING('Manual Adjustments'!M29,0.25),MROUND('Manual Adjustments'!M29,0.25)) -> #N/A | K28: =IF('Manual Adjustments'!N29<0.5,CEILING('Manual Adjustments'!N29,0.25),MROUND('Manual Adjustments'!N29,0.25)) -> #N/A | L28: =IF('Manual Adjustments'!O29<0.5,CEILING('Manual Adjustments'!O29,0.25),MROUND('Manual Adjustments'!O29,0.25)) -> 0
B29: ='Client Info'!B65 -> 0
B30: ='Effective Employees'!B16 -> N/A | C30: ='Effective Employees'!F16 -> 0 | D30: ='Manual Adjustments'!G30 -> 0 | E30: =IF('Manual Adjustments'!H30<0.25,CEILING('Manual Adjustments'!H30,0.25),MROUND('Manual Adjustments'!H30,0.25)) -> 0 | F30: =IF('Manual Adjustments'!I30<0.25,CEILING('Manual Adjustments'!I30,0.25),MROUND('Manual Adjustments'!I30,0.25)) -> 0 | G30: =IF('Manual Adjustments'!J30<0.25,CEILING('Manual Adjustments'!J30,0.25),MROUND('Manual Adjustments'!J30,0.25)) -> #N/A | H30: =IF('Manual Adjustments'!K30<0.25,CEILING('Manual Adjustments'!K30,0.25),MROUND('Manual Adjustments'!K30,0.25)) -> 0 | I30: =IF('Manual Adjustments'!L30<0.25,CEILING('Manual Adjustments'!L30,0.25),MROUND('Manual Adjustments'!L30,0.25)) -> 0 | J30: =IF('Manual Adjustments'!M30<0.25,CEILING('Manual Adjustments'!M30,0.25),MROUND('Manual Adjustments'!M30,0.25)) -> #N/A | K30: =IF('Manual Adjustments'!N30<0.25,CEILING('Manual Adjustments'!N30,0.25),MROUND('Manual Adjustments'!N30,0.25)) -> #N/A | L30: =IF('Manual Adjustments'!O30<0.25,CEILING('Manual Adjustments'!O30,0.25),MROUND('Manual Adjustments'!O30,0.25)) -> 0
B31: ='Effective Employees'!B17 -> N/A | C31: ='Effective Employees'!F17 -> 0 | D31: ='Manual Adjustments'!G31 -> 0 | E31: =IF('Manual Adjustments'!H31<0.25,CEILING('Manual Adjustments'!H31,0.25),MROUND('Manual Adjustments'!H31,0.25)) -> 0 | F31: =IF('Manual Adjustments'!I31<0.25,CEILING('Manual Adjustments'!I31,0.25),MROUND('Manual Adjustments'!I31,0.25)) -> 0 | G31: =IF('Manual Adjustments'!J31<0.25,CEILING('Manual Adjustments'!J31,0.25),MROUND('Manual Adjustments'!J31,0.25)) -> #N/A | H31: =IF('Manual Adjustments'!K31<0.25,CEILING('Manual Adjustments'!K31,0.25),MROUND('Manual Adjustments'!K31,0.25)) -> 0 | I31: =IF('Manual Adjustments'!L31<0.25,CEILING('Manual Adjustments'!L31,0.25),MROUND('Manual Adjustments'!L31,0.25)) -> 0 | J31: =IF('Manual Adjustments'!M31<0.25,CEILING('Manual Adjustments'!M31,0.25),MROUND('Manual Adjustments'!M31,0.25)) -> #N/A | K31: =IF('Manual Adjustments'!N31<0.25,CEILING('Manual Adjustments'!N31,0.25),MROUND('Manual Adjustments'!N31,0.25)) -> #N/A | L31: =IF('Manual Adjustments'!O31<0.25,CEILING('Manual Adjustments'!O31,0.25),MROUND('Manual Adjustments'!O31,0.25)) -> 0
B32: ='Effective Employees'!B18 -> N/A | C32: ='Effective Employees'!F18 -> 0 | D32: ='Manual Adjustments'!G32 -> 0 | E32: =IF('Manual Adjustments'!H32<0.25,CEILING('Manual Adjustments'!H32,0.25),MROUND('Manual Adjustments'!H32,0.25)) -> 0 | F32: =IF('Manual Adjustments'!I32<0.25,CEILING('Manual Adjustments'!I32,0.25),MROUND('Manual Adjustments'!I32,0.25)) -> 0 | G32: =IF('Manual Adjustments'!J32<0.25,CEILING('Manual Adjustments'!J32,0.25),MROUND('Manual Adjustments'!J32,0.25)) -> #N/A | H32: =IF('Manual Adjustments'!K32<0.25,CEILING('Manual Adjustments'!K32,0.25),MROUND('Manual Adjustments'!K32,0.25)) -> 0 | I32: =IF('Manual Adjustments'!L32<0.25,CEILING('Manual Adjustments'!L32,0.25),MROUND('Manual Adjustments'!L32,0.25)) -> 0 | J32: =IF('Manual Adjustments'!M32<0.25,CEILING('Manual Adjustments'!M32,0.25),MROUND('Manual Adjustments'!M32,0.25)) -> #N/A | K32: =IF('Manual Adjustments'!N32<0.25,CEILING('Manual Adjustments'!N32,0.25),MROUND('Manual Adjustments'!N32,0.25)) -> #N/A | L32: =IF('Manual Adjustments'!O32<0.25,CEILING('Manual Adjustments'!O32,0.25),MROUND('Manual Adjustments'!O32,0.25)) -> 0
B33: ='Client Info'!B66 -> 0
B34: ='Effective Employees'!B19 -> N/A | C34: ='Effective Employees'!F19 -> 0 | D34: ='Manual Adjustments'!G33 -> 0 | E34: =IF('Manual Adjustments'!H33<0.25,CEILING('Manual Adjustments'!H33,0.25),MROUND('Manual Adjustments'!H33,0.25)) -> 0 | F34: =IF('Manual Adjustments'!I33<0.25,CEILING('Manual Adjustments'!I33,0.25),MROUND('Manual Adjustments'!I33,0.25)) -> 0 | G34: =IF('Manual Adjustments'!J33<0.25,CEILING('Manual Adjustments'!J33,0.25),MROUND('Manual Adjustments'!J33,0.25)) -> #N/A | H34: =IF('Manual Adjustments'!K33<0.25,CEILING('Manual Adjustments'!K33,0.25),MROUND('Manual Adjustments'!K33,0.25)) -> 0 | I34: =IF('Manual Adjustments'!L33<0.25,CEILING('Manual Adjustments'!L33,0.25),MROUND('Manual Adjustments'!L33,0.25)) -> 0 | J34: =IF('Manual Adjustments'!M33<0.25,CEILING('Manual Adjustments'!M33,0.25),MROUND('Manual Adjustments'!M33,0.25)) -> #N/A | K34: =IF('Manual Adjustments'!N33<0.25,CEILING('Manual Adjustments'!N33,0.25),MROUND('Manual Adjustments'!N33,0.25)) -> #N/A | L34: =IF('Manual Adjustments'!O33<0.25,CEILING('Manual Adjustments'!O33,0.25),MROUND('Manual Adjustments'!O33,0.25)) -> 0
B35: ='Effective Employees'!B20 -> N/A | C35: ='Effective Employees'!F20 -> 0 | D35: ='Manual Adjustments'!G34 -> 0 | E35: =IF('Manual Adjustments'!H34<0.25,CEILING('Manual Adjustments'!H34,0.25),MROUND('Manual Adjustments'!H34,0.25)) -> 0 | F35: =IF('Manual Adjustments'!I34<0.25,CEILING('Manual Adjustments'!I34,0.25),MROUND('Manual Adjustments'!I34,0.25)) -> 0 | G35: =IF('Manual Adjustments'!J34<0.25,CEILING('Manual Adjustments'!J34,0.25),MROUND('Manual Adjustments'!J34,0.25)) -> #N/A | H35: =IF('Manual Adjustments'!K34<0.25,CEILING('Manual Adjustments'!K34,0.25),MROUND('Manual Adjustments'!K34,0.25)) -> 0 | I35: =IF('Manual Adjustments'!L34<0.25,CEILING('Manual Adjustments'!L34,0.25),MROUND('Manual Adjustments'!L34,0.25)) -> 0 | J35: =IF('Manual Adjustments'!M34<0.25,CEILING('Manual Adjustments'!M34,0.25),MROUND('Manual Adjustments'!M34,0.25)) -> #N/A | K35: =IF('Manual Adjustments'!N34<0.25,CEILING('Manual Adjustments'!N34,0.25),MROUND('Manual Adjustments'!N34,0.25)) -> #N/A | L35: =IF('Manual Adjustments'!O34<0.25,CEILING('Manual Adjustments'!O34,0.25),MROUND('Manual Adjustments'!O34,0.25)) -> 0
B36: ='Effective Employees'!B21 -> N/A | C36: ='Effective Employees'!F21 -> 0 | D36: ='Manual Adjustments'!G35 -> 0 | E36: =IF('Manual Adjustments'!H35<0.25,CEILING('Manual Adjustments'!H35,0.25),MROUND('Manual Adjustments'!H35,0.25)) -> 0 | F36: =IF('Manual Adjustments'!I35<0.25,CEILING('Manual Adjustments'!I35,0.25),MROUND('Manual Adjustments'!I35,0.25)) -> 0 | G36: =IF('Manual Adjustments'!J35<0.25,CEILING('Manual Adjustments'!J35,0.25),MROUND('Manual Adjustments'!J35,0.25)) -> #N/A | H36: =IF('Manual Adjustments'!K35<0.25,CEILING('Manual Adjustments'!K35,0.25),MROUND('Manual Adjustments'!K35,0.25)) -> 0 | I36: =IF('Manual Adjustments'!L35<0.25,CEILING('Manual Adjustments'!L35,0.25),MROUND('Manual Adjustments'!L35,0.25)) -> 0 | J36: =IF('Manual Adjustments'!M35<0.25,CEILING('Manual Adjustments'!M35,0.25),MROUND('Manual Adjustments'!M35,0.25)) -> #N/A | K36: =IF('Manual Adjustments'!N35<0.25,CEILING('Manual Adjustments'!N35,0.25),MROUND('Manual Adjustments'!N35,0.25)) -> #N/A | L36: =IF('Manual Adjustments'!O35<0.25,CEILING('Manual Adjustments'!O35,0.25),MROUND('Manual Adjustments'!O35,0.25)) -> 0
B37: ='Client Info'!B67 -> 0
B38: ='Effective Employees'!B22 -> N/A | C38: ='Effective Employees'!F22 -> 0 | D38: ='Manual Adjustments'!G36 -> 0 | E38: =IF('Manual Adjustments'!H36<0.25,CEILING('Manual Adjustments'!H36,0.25),MROUND('Manual Adjustments'!H36,0.25)) -> 0 | F38: =IF('Manual Adjustments'!I36<0.25,CEILING('Manual Adjustments'!I36,0.25),MROUND('Manual Adjustments'!I36,0.25)) -> 0 | G38: =IF('Manual Adjustments'!J36<0.25,CEILING('Manual Adjustments'!J36,0.25),MROUND('Manual Adjustments'!J36,0.25)) -> #N/A | H38: =IF('Manual Adjustments'!K36<0.25,CEILING('Manual Adjustments'!K36,0.25),MROUND('Manual Adjustments'!K36,0.25)) -> 0 | I38: =IF('Manual Adjustments'!L36<0.25,CEILING('Manual Adjustments'!L36,0.25),MROUND('Manual Adjustments'!L36,0.25)) -> 0 | J38: =IF('Manual Adjustments'!M36<0.25,CEILING('Manual Adjustments'!M36,0.25),MROUND('Manual Adjustments'!M36,0.25)) -> #N/A | K38: =IF('Manual Adjustments'!N36<0.25,CEILING('Manual Adjustments'!N36,0.25),MROUND('Manual Adjustments'!N36,0.25)) -> #N/A | L38: =IF('Manual Adjustments'!O36<0.25,CEILING('Manual Adjustments'!O36,0.25),MROUND('Manual Adjustments'!O36,0.25)) -> 0
B39: ='Effective Employees'!B23 -> N/A | C39: ='Effective Employees'!F23 -> 0 | D39: ='Manual Adjustments'!G37 -> 0 | E39: =IF('Manual Adjustments'!H37<0.25,CEILING('Manual Adjustments'!H37,0.25),MROUND('Manual Adjustments'!H37,0.25)) -> 0 | F39: =IF('Manual Adjustments'!I37<0.25,CEILING('Manual Adjustments'!I37,0.25),MROUND('Manual Adjustments'!I37,0.25)) -> 0 | G39: =IF('Manual Adjustments'!J37<0.25,CEILING('Manual Adjustments'!J37,0.25),MROUND('Manual Adjustments'!J37,0.25)) -> #N/A | H39: =IF('Manual Adjustments'!K37<0.25,CEILING('Manual Adjustments'!K37,0.25),MROUND('Manual Adjustments'!K37,0.25)) -> 0 | I39: =IF('Manual Adjustments'!L37<0.25,CEILING('Manual Adjustments'!L37,0.25),MROUND('Manual Adjustments'!L37,0.25)) -> 0 | J39: =IF('Manual Adjustments'!M37<0.25,CEILING('Manual Adjustments'!M37,0.25),MROUND('Manual Adjustments'!M37,0.25)) -> #N/A | K39: =IF('Manual Adjustments'!N37<0.25,CEILING('Manual Adjustments'!N37,0.25),MROUND('Manual Adjustments'!N37,0.25)) -> #N/A | L39: =IF('Manual Adjustments'!O37<0.25,CEILING('Manual Adjustments'!O37,0.25),MROUND('Manual Adjustments'!O37,0.25)) -> 0
B40: ='Effective Employees'!B24 -> N/A | C40: ='Effective Employees'!F24 -> 0 | D40: ='Manual Adjustments'!G38 -> 0 | E40: =IF('Manual Adjustments'!H38<0.25,CEILING('Manual Adjustments'!H38,0.25),MROUND('Manual Adjustments'!H38,0.25)) -> 0 | F40: =IF('Manual Adjustments'!I38<0.25,CEILING('Manual Adjustments'!I38,0.25),MROUND('Manual Adjustments'!I38,0.25)) -> 0 | G40: =IF('Manual Adjustments'!J38<0.25,CEILING('Manual Adjustments'!J38,0.25),MROUND('Manual Adjustments'!J38,0.25)) -> #N/A | H40: =IF('Manual Adjustments'!K38<0.25,CEILING('Manual Adjustments'!K38,0.25),MROUND('Manual Adjustments'!K38,0.25)) -> 0 | I40: =IF('Manual Adjustments'!L38<0.25,CEILING('Manual Adjustments'!L38,0.25),MROUND('Manual Adjustments'!L38,0.25)) -> 0 | J40: =IF('Manual Adjustments'!M38<0.25,CEILING('Manual Adjustments'!M38,0.25),MROUND('Manual Adjustments'!M38,0.25)) -> #N/A | K40: =IF('Manual Adjustments'!N38<0.25,CEILING('Manual Adjustments'!N38,0.25),MROUND('Manual Adjustments'!N38,0.25)) -> #N/A | L40: =IF('Manual Adjustments'!O38<0.25,CEILING('Manual Adjustments'!O38,0.25),MROUND('Manual Adjustments'!O38,0.25)) -> 0
B41: ='Client Info'!B68 -> 0
B42: ='Effective Employees'!B25 -> N/A | C42: ='Effective Employees'!F25 -> 0 | D42: ='Manual Adjustments'!G39 -> 0 | E42: =IF('Manual Adjustments'!H39<0.25,CEILING('Manual Adjustments'!H39,0.25),MROUND('Manual Adjustments'!H39,0.25)) -> 0 | F42: =IF('Manual Adjustments'!I39<0.25,CEILING('Manual Adjustments'!I39,0.25),MROUND('Manual Adjustments'!I39,0.25)) -> 0 | G42: =IF('Manual Adjustments'!J39<0.25,CEILING('Manual Adjustments'!J39,0.25),MROUND('Manual Adjustments'!J39,0.25)) -> #N/A | H42: =IF('Manual Adjustments'!K39<0.25,CEILING('Manual Adjustments'!K39,0.25),MROUND('Manual Adjustments'!K39,0.25)) -> 0 | I42: =IF('Manual Adjustments'!L39<0.25,CEILING('Manual Adjustments'!L39,0.25),MROUND('Manual Adjustments'!L39,0.25)) -> 0 | J42: =IF('Manual Adjustments'!M39<0.25,CEILING('Manual Adjustments'!M39,0.25),MROUND('Manual Adjustments'!M39,0.25)) -> #N/A | K42: =IF('Manual Adjustments'!N39<0.25,CEILING('Manual Adjustments'!N39,0.25),MROUND('Manual Adjustments'!N39,0.25)) -> #N/A | L42: =IF('Manual Adjustments'!O39<0.25,CEILING('Manual Adjustments'!O39,0.25),MROUND('Manual Adjustments'!O39,0.25)) -> 0
B43: ='Effective Employees'!B26 -> N/A | C43: ='Effective Employees'!F26 -> 0 | D43: ='Manual Adjustments'!G40 -> 0 | E43: =IF('Manual Adjustments'!H40<0.25,CEILING('Manual Adjustments'!H40,0.25),MROUND('Manual Adjustments'!H40,0.25)) -> 0 | F43: =IF('Manual Adjustments'!I40<0.25,CEILING('Manual Adjustments'!I40,0.25),MROUND('Manual Adjustments'!I40,0.25)) -> 0 | G43: =IF('Manual Adjustments'!J40<0.25,CEILING('Manual Adjustments'!J40,0.25),MROUND('Manual Adjustments'!J40,0.25)) -> #N/A | H43: =IF('Manual Adjustments'!K40<0.25,CEILING('Manual Adjustments'!K40,0.25),MROUND('Manual Adjustments'!K40,0.25)) -> 0 | I43: =IF('Manual Adjustments'!L40<0.25,CEILING('Manual Adjustments'!L40,0.25),MROUND('Manual Adjustments'!L40,0.25)) -> 0 | J43: =IF('Manual Adjustments'!M40<0.25,CEILING('Manual Adjustments'!M40,0.25),MROUND('Manual Adjustments'!M40,0.25)) -> #N/A | K43: =IF('Manual Adjustments'!N40<0.25,CEILING('Manual Adjustments'!N40,0.25),MROUND('Manual Adjustments'!N40,0.25)) -> #N/A | L43: =IF('Manual Adjustments'!O40<0.25,CEILING('Manual Adjustments'!O40,0.25),MROUND('Manual Adjustments'!O40,0.25)) -> 0
B44: ='Effective Employees'!B27 -> N/A | C44: ='Effective Employees'!F27 -> 0 | D44: ='Manual Adjustments'!G41 -> 0 | E44: =IF('Manual Adjustments'!H41<0.25,CEILING('Manual Adjustments'!H41,0.25),MROUND('Manual Adjustments'!H41,0.25)) -> 0 | F44: =IF('Manual Adjustments'!I41<0.25,CEILING('Manual Adjustments'!I41,0.25),MROUND('Manual Adjustments'!I41,0.25)) -> 0 | G44: =IF('Manual Adjustments'!J41<0.25,CEILING('Manual Adjustments'!J41,0.25),MROUND('Manual Adjustments'!J41,0.25)) -> #N/A | H44: =IF('Manual Adjustments'!K41<0.25,CEILING('Manual Adjustments'!K41,0.25),MROUND('Manual Adjustments'!K41,0.25)) -> 0 | I44: =IF('Manual Adjustments'!L41<0.25,CEILING('Manual Adjustments'!L41,0.25),MROUND('Manual Adjustments'!L41,0.25)) -> 0 | J44: =IF('Manual Adjustments'!M41<0.25,CEILING('Manual Adjustments'!M41,0.25),MROUND('Manual Adjustments'!M41,0.25)) -> #N/A | K44: =IF('Manual Adjustments'!N41<0.25,CEILING('Manual Adjustments'!N41,0.25),MROUND('Manual Adjustments'!N41,0.25)) -> #N/A | L44: =IF('Manual Adjustments'!O41<0.25,CEILING('Manual Adjustments'!O41,0.25),MROUND('Manual Adjustments'!O41,0.25)) -> 0
B45: ='Client Info'!B69 -> 0
B46: ='Effective Employees'!B28 -> N/A | C46: ='Effective Employees'!F28 -> 0 | D46: ='Manual Adjustments'!G42 -> 0 | E46: =IF('Manual Adjustments'!H42<0.25,CEILING('Manual Adjustments'!H42,0.25),MROUND('Manual Adjustments'!H42,0.25)) -> 0 | F46: =IF('Manual Adjustments'!I42<0.25,CEILING('Manual Adjustments'!I42,0.25),MROUND('Manual Adjustments'!I42,0.25)) -> 0 | G46: =IF('Manual Adjustments'!J42<0.25,CEILING('Manual Adjustments'!J42,0.25),MROUND('Manual Adjustments'!J42,0.25)) -> #N/A | H46: =IF('Manual Adjustments'!K42<0.25,CEILING('Manual Adjustments'!K42,0.25),MROUND('Manual Adjustments'!K42,0.25)) -> 0 | I46: =IF('Manual Adjustments'!L42<0.25,CEILING('Manual Adjustments'!L42,0.25),MROUND('Manual Adjustments'!L42,0.25)) -> 0 | J46: =IF('Manual Adjustments'!M42<0.25,CEILING('Manual Adjustments'!M42,0.25),MROUND('Manual Adjustments'!M42,0.25)) -> #N/A | K46: =IF('Manual Adjustments'!N42<0.25,CEILING('Manual Adjustments'!N42,0.25),MROUND('Manual Adjustments'!N42,0.25)) -> #N/A | L46: =IF('Manual Adjustments'!O42<0.25,CEILING('Manual Adjustments'!O42,0.25),MROUND('Manual Adjustments'!O42,0.25)) -> 0
B47: ='Effective Employees'!B29 -> N/A | C47: ='Effective Employees'!F29 -> 0 | D47: ='Manual Adjustments'!G43 -> 0 | E47: =IF('Manual Adjustments'!H43<0.25,CEILING('Manual Adjustments'!H43,0.25),MROUND('Manual Adjustments'!H43,0.25)) -> 0 | F47: =IF('Manual Adjustments'!I43<0.25,CEILING('Manual Adjustments'!I43,0.25),MROUND('Manual Adjustments'!I43,0.25)) -> 0 | G47: =IF('Manual Adjustments'!J43<0.25,CEILING('Manual Adjustments'!J43,0.25),MROUND('Manual Adjustments'!J43,0.25)) -> #N/A | H47: =IF('Manual Adjustments'!K43<0.25,CEILING('Manual Adjustments'!K43,0.25),MROUND('Manual Adjustments'!K43,0.25)) -> 0 | I47: =IF('Manual Adjustments'!L43<0.25,CEILING('Manual Adjustments'!L43,0.25),MROUND('Manual Adjustments'!L43,0.25)) -> 0 | J47: =IF('Manual Adjustments'!M43<0.25,CEILING('Manual Adjustments'!M43,0.25),MROUND('Manual Adjustments'!M43,0.25)) -> #N/A | K47: =IF('Manual Adjustments'!N43<0.25,CEILING('Manual Adjustments'!N43,0.25),MROUND('Manual Adjustments'!N43,0.25)) -> #N/A | L47: =IF('Manual Adjustments'!O43<0.25,CEILING('Manual Adjustments'!O43,0.25),MROUND('Manual Adjustments'!O43,0.25)) -> 0
B48: ='Effective Employees'!B30 -> N/A | C48: ='Effective Employees'!F30 -> 0 | D48: ='Manual Adjustments'!G44 -> 0 | E48: =IF('Manual Adjustments'!H44<0.25,CEILING('Manual Adjustments'!H44,0.25),MROUND('Manual Adjustments'!H44,0.25)) -> 0 | F48: =IF('Manual Adjustments'!I44<0.25,CEILING('Manual Adjustments'!I44,0.25),MROUND('Manual Adjustments'!I44,0.25)) -> 0 | G48: =IF('Manual Adjustments'!J44<0.25,CEILING('Manual Adjustments'!J44,0.25),MROUND('Manual Adjustments'!J44,0.25)) -> #N/A | H48: =IF('Manual Adjustments'!K44<0.25,CEILING('Manual Adjustments'!K44,0.25),MROUND('Manual Adjustments'!K44,0.25)) -> 0 | I48: =IF('Manual Adjustments'!L44<0.25,CEILING('Manual Adjustments'!L44,0.25),MROUND('Manual Adjustments'!L44,0.25)) -> 0 | J48: =IF('Manual Adjustments'!M44<0.25,CEILING('Manual Adjustments'!M44,0.25),MROUND('Manual Adjustments'!M44,0.25)) -> #N/A | K48: =IF('Manual Adjustments'!N44<0.25,CEILING('Manual Adjustments'!N44,0.25),MROUND('Manual Adjustments'!N44,0.25)) -> #N/A | L48: =IF('Manual Adjustments'!O44<0.25,CEILING('Manual Adjustments'!O44,0.25),MROUND('Manual Adjustments'!O44,0.25)) -> 0
B49: ='Client Info'!B70 -> 0
B50: ='Effective Employees'!B31 -> N/A | C50: ='Effective Employees'!F31 -> 0 | D50: ='Manual Adjustments'!G45 -> 0 | E50: =IF('Manual Adjustments'!H45<0.25,CEILING('Manual Adjustments'!H45,0.25),MROUND('Manual Adjustments'!H45,0.25)) -> 0 | F50: =IF('Manual Adjustments'!I45<0.25,CEILING('Manual Adjustments'!I45,0.25),MROUND('Manual Adjustments'!I45,0.25)) -> 0 | G50: =IF('Manual Adjustments'!J45<0.25,CEILING('Manual Adjustments'!J45,0.25),MROUND('Manual Adjustments'!J45,0.25)) -> #N/A | H50: =IF('Manual Adjustments'!K45<0.25,CEILING('Manual Adjustments'!K45,0.25),MROUND('Manual Adjustments'!K45,0.25)) -> 0 | I50: =IF('Manual Adjustments'!L45<0.25,CEILING('Manual Adjustments'!L45,0.25),MROUND('Manual Adjustments'!L45,0.25)) -> 0 | J50: =IF('Manual Adjustments'!M45<0.25,CEILING('Manual Adjustments'!M45,0.25),MROUND('Manual Adjustments'!M45,0.25)) -> #N/A | K50: =IF('Manual Adjustments'!N45<0.25,CEILING('Manual Adjustments'!N45,0.25),MROUND('Manual Adjustments'!N45,0.25)) -> #N/A | L50: =IF('Manual Adjustments'!O45<0.25,CEILING('Manual Adjustments'!O45,0.25),MROUND('Manual Adjustments'!O45,0.25)) -> 0
B51: ='Effective Employees'!B32 -> N/A | C51: ='Effective Employees'!F32 -> 0 | D51: ='Manual Adjustments'!G46 -> 0 | E51: =IF('Manual Adjustments'!H46<0.25,CEILING('Manual Adjustments'!H46,0.25),MROUND('Manual Adjustments'!H46,0.25)) -> 0 | F51: =IF('Manual Adjustments'!I46<0.25,CEILING('Manual Adjustments'!I46,0.25),MROUND('Manual Adjustments'!I46,0.25)) -> 0 | G51: =IF('Manual Adjustments'!J46<0.25,CEILING('Manual Adjustments'!J46,0.25),MROUND('Manual Adjustments'!J46,0.25)) -> #N/A | H51: =IF('Manual Adjustments'!K46<0.25,CEILING('Manual Adjustments'!K46,0.25),MROUND('Manual Adjustments'!K46,0.25)) -> 0 | I51: =IF('Manual Adjustments'!L46<0.25,CEILING('Manual Adjustments'!L46,0.25),MROUND('Manual Adjustments'!L46,0.25)) -> 0 | J51: =IF('Manual Adjustments'!M46<0.25,CEILING('Manual Adjustments'!M46,0.25),MROUND('Manual Adjustments'!M46,0.25)) -> #N/A | K51: =IF('Manual Adjustments'!N46<0.25,CEILING('Manual Adjustments'!N46,0.25),MROUND('Manual Adjustments'!N46,0.25)) -> #N/A | L51: =IF('Manual Adjustments'!O46<0.25,CEILING('Manual Adjustments'!O46,0.25),MROUND('Manual Adjustments'!O46,0.25)) -> 0
B52: ='Effective Employees'!B33 -> N/A | C52: ='Effective Employees'!F33 -> 0 | D52: ='Manual Adjustments'!G47 -> 0 | E52: =IF('Manual Adjustments'!H47<0.25,CEILING('Manual Adjustments'!H47,0.25),MROUND('Manual Adjustments'!H47,0.25)) -> 0 | F52: =IF('Manual Adjustments'!I47<0.25,CEILING('Manual Adjustments'!I47,0.25),MROUND('Manual Adjustments'!I47,0.25)) -> 0 | G52: =IF('Manual Adjustments'!J47<0.25,CEILING('Manual Adjustments'!J47,0.25),MROUND('Manual Adjustments'!J47,0.25)) -> #N/A | H52: =IF('Manual Adjustments'!K47<0.25,CEILING('Manual Adjustments'!K47,0.25),MROUND('Manual Adjustments'!K47,0.25)) -> 0 | I52: =IF('Manual Adjustments'!L47<0.25,CEILING('Manual Adjustments'!L47,0.25),MROUND('Manual Adjustments'!L47,0.25)) -> 0 | J52: =IF('Manual Adjustments'!M47<0.25,CEILING('Manual Adjustments'!M47,0.25),MROUND('Manual Adjustments'!M47,0.25)) -> #N/A | K52: =IF('Manual Adjustments'!N47<0.25,CEILING('Manual Adjustments'!N47,0.25),MROUND('Manual Adjustments'!N47,0.25)) -> #N/A | L52: =IF('Manual Adjustments'!O47<0.25,CEILING('Manual Adjustments'!O47,0.25),MROUND('Manual Adjustments'!O47,0.25)) -> 0
B53: ='Client Info'!B71 -> 0
B54: ='Effective Employees'!B34 -> N/A | C54: ='Effective Employees'!F34 -> 0 | D54: ='Manual Adjustments'!G48 -> 0 | E54: =IF('Manual Adjustments'!H48<0.25,CEILING('Manual Adjustments'!H48,0.25),MROUND('Manual Adjustments'!H48,0.25)) -> 0 | F54: =IF('Manual Adjustments'!I48<0.25,CEILING('Manual Adjustments'!I48,0.25),MROUND('Manual Adjustments'!I48,0.25)) -> 0 | G54: =IF('Manual Adjustments'!J48<0.25,CEILING('Manual Adjustments'!J48,0.25),MROUND('Manual Adjustments'!J48,0.25)) -> #N/A | H54: =IF('Manual Adjustments'!K48<0.25,CEILING('Manual Adjustments'!K48,0.25),MROUND('Manual Adjustments'!K48,0.25)) -> 0 | I54: =IF('Manual Adjustments'!L48<0.25,CEILING('Manual Adjustments'!L48,0.25),MROUND('Manual Adjustments'!L48,0.25)) -> 0 | J54: =IF('Manual Adjustments'!M48<0.25,CEILING('Manual Adjustments'!M48,0.25),MROUND('Manual Adjustments'!M48,0.25)) -> #N/A | K54: =IF('Manual Adjustments'!N48<0.25,CEILING('Manual Adjustments'!N48,0.25),MROUND('Manual Adjustments'!N48,0.25)) -> #N/A | L54: =IF('Manual Adjustments'!O48<0.25,CEILING('Manual Adjustments'!O48,0.25),MROUND('Manual Adjustments'!O48,0.25)) -> 0
B55: ='Effective Employees'!B35 -> N/A | C55: ='Effective Employees'!F35 -> 0 | D55: ='Manual Adjustments'!G49 -> 0 | E55: =IF('Manual Adjustments'!H49<0.25,CEILING('Manual Adjustments'!H49,0.25),MROUND('Manual Adjustments'!H49,0.25)) -> 0 | F55: =IF('Manual Adjustments'!I49<0.25,CEILING('Manual Adjustments'!I49,0.25),MROUND('Manual Adjustments'!I49,0.25)) -> 0 | G55: =IF('Manual Adjustments'!J49<0.25,CEILING('Manual Adjustments'!J49,0.25),MROUND('Manual Adjustments'!J49,0.25)) -> #N/A | H55: =IF('Manual Adjustments'!K49<0.25,CEILING('Manual Adjustments'!K49,0.25),MROUND('Manual Adjustments'!K49,0.25)) -> 0 | I55: =IF('Manual Adjustments'!L49<0.25,CEILING('Manual Adjustments'!L49,0.25),MROUND('Manual Adjustments'!L49,0.25)) -> 0 | J55: =IF('Manual Adjustments'!M49<0.25,CEILING('Manual Adjustments'!M49,0.25),MROUND('Manual Adjustments'!M49,0.25)) -> #N/A | K55: =IF('Manual Adjustments'!N49<0.25,CEILING('Manual Adjustments'!N49,0.25),MROUND('Manual Adjustments'!N49,0.25)) -> #N/A | L55: =IF('Manual Adjustments'!O49<0.25,CEILING('Manual Adjustments'!O49,0.25),MROUND('Manual Adjustments'!O49,0.25)) -> 0
B56: ='Effective Employees'!B36 -> N/A | C56: ='Effective Employees'!F36 -> 0 | D56: ='Manual Adjustments'!G50 -> 0 | E56: =IF('Manual Adjustments'!H50<0.25,CEILING('Manual Adjustments'!H50,0.25),MROUND('Manual Adjustments'!H50,0.25)) -> 0 | F56: =IF('Manual Adjustments'!I50<0.25,CEILING('Manual Adjustments'!I50,0.25),MROUND('Manual Adjustments'!I50,0.25)) -> 0 | G56: =IF('Manual Adjustments'!J50<0.25,CEILING('Manual Adjustments'!J50,0.25),MROUND('Manual Adjustments'!J50,0.25)) -> #N/A | H56: =IF('Manual Adjustments'!K50<0.25,CEILING('Manual Adjustments'!K50,0.25),MROUND('Manual Adjustments'!K50,0.25)) -> 0 | I56: =IF('Manual Adjustments'!L50<0.25,CEILING('Manual Adjustments'!L50,0.25),MROUND('Manual Adjustments'!L50,0.25)) -> 0 | J56: =IF('Manual Adjustments'!M50<0.25,CEILING('Manual Adjustments'!M50,0.25),MROUND('Manual Adjustments'!M50,0.25)) -> #N/A | K56: =IF('Manual Adjustments'!N50<0.25,CEILING('Manual Adjustments'!N50,0.25),MROUND('Manual Adjustments'!N50,0.25)) -> #N/A | L56: =IF('Manual Adjustments'!O50<0.25,CEILING('Manual Adjustments'!O50,0.25),MROUND('Manual Adjustments'!O50,0.25)) -> 0
B57: ='Client Info'!B72 -> 0
B58: ='Effective Employees'!B37 -> N/A | C58: ='Effective Employees'!F37 -> 0 | D58: ='Manual Adjustments'!G51 -> 0 | E58: =IF('Manual Adjustments'!H51<0.25,CEILING('Manual Adjustments'!H51,0.25),MROUND('Manual Adjustments'!H51,0.25)) -> 0 | F58: =IF('Manual Adjustments'!I51<0.25,CEILING('Manual Adjustments'!I51,0.25),MROUND('Manual Adjustments'!I51,0.25)) -> 0 | G58: =IF('Manual Adjustments'!J51<0.25,CEILING('Manual Adjustments'!J51,0.25),MROUND('Manual Adjustments'!J51,0.25)) -> #N/A | H58: =IF('Manual Adjustments'!K51<0.25,CEILING('Manual Adjustments'!K51,0.25),MROUND('Manual Adjustments'!K51,0.25)) -> 0 | I58: =IF('Manual Adjustments'!L51<0.25,CEILING('Manual Adjustments'!L51,0.25),MROUND('Manual Adjustments'!L51,0.25)) -> 0 | J58: =IF('Manual Adjustments'!M51<0.25,CEILING('Manual Adjustments'!M51,0.25),MROUND('Manual Adjustments'!M51,0.25)) -> #N/A | K58: =IF('Manual Adjustments'!N51<0.25,CEILING('Manual Adjustments'!N51,0.25),MROUND('Manual Adjustments'!N51,0.25)) -> #N/A | L58: =IF('Manual Adjustments'!O51<0.25,CEILING('Manual Adjustments'!O51,0.25),MROUND('Manual Adjustments'!O51,0.25)) -> 0
B59: ='Effective Employees'!B38 -> N/A | C59: ='Effective Employees'!F38 -> 0 | D59: ='Manual Adjustments'!G52 -> 0 | E59: =IF('Manual Adjustments'!H52<0.25,CEILING('Manual Adjustments'!H52,0.25),MROUND('Manual Adjustments'!H52,0.25)) -> 0 | F59: =IF('Manual Adjustments'!I52<0.25,CEILING('Manual Adjustments'!I52,0.25),MROUND('Manual Adjustments'!I52,0.25)) -> 0 | G59: =IF('Manual Adjustments'!J52<0.25,CEILING('Manual Adjustments'!J52,0.25),MROUND('Manual Adjustments'!J52,0.25)) -> #N/A | H59: =IF('Manual Adjustments'!K52<0.25,CEILING('Manual Adjustments'!K52,0.25),MROUND('Manual Adjustments'!K52,0.25)) -> 0 | I59: =IF('Manual Adjustments'!L52<0.25,CEILING('Manual Adjustments'!L52,0.25),MROUND('Manual Adjustments'!L52,0.25)) -> 0 | J59: =IF('Manual Adjustments'!M52<0.25,CEILING('Manual Adjustments'!M52,0.25),MROUND('Manual Adjustments'!M52,0.25)) -> #N/A | K59: =IF('Manual Adjustments'!N52<0.25,CEILING('Manual Adjustments'!N52,0.25),MROUND('Manual Adjustments'!N52,0.25)) -> #N/A | L59: =IF('Manual Adjustments'!O52<0.25,CEILING('Manual Adjustments'!O52,0.25),MROUND('Manual Adjustments'!O52,0.25)) -> 0
B60: ='Effective Employees'!B39 -> N/A | C60: ='Effective Employees'!F39 -> 0 | D60: ='Manual Adjustments'!G53 -> 0 | E60: =IF('Manual Adjustments'!H53<0.25,CEILING('Manual Adjustments'!H53,0.25),MROUND('Manual Adjustments'!H53,0.25)) -> 0 | F60: =IF('Manual Adjustments'!I53<0.25,CEILING('Manual Adjustments'!I53,0.25),MROUND('Manual Adjustments'!I53,0.25)) -> 0 | G60: =IF('Manual Adjustments'!J53<0.25,CEILING('Manual Adjustments'!J53,0.25),MROUND('Manual Adjustments'!J53,0.25)) -> #N/A | H60: =IF('Manual Adjustments'!K53<0.25,CEILING('Manual Adjustments'!K53,0.25),MROUND('Manual Adjustments'!K53,0.25)) -> 0 | I60: =IF('Manual Adjustments'!L53<0.25,CEILING('Manual Adjustments'!L53,0.25),MROUND('Manual Adjustments'!L53,0.25)) -> 0 | J60: =IF('Manual Adjustments'!M53<0.25,CEILING('Manual Adjustments'!M53,0.25),MROUND('Manual Adjustments'!M53,0.25)) -> #N/A | K60: =IF('Manual Adjustments'!N53<0.25,CEILING('Manual Adjustments'!N53,0.25),MROUND('Manual Adjustments'!N53,0.25)) -> #N/A | L60: =IF('Manual Adjustments'!O53<0.25,CEILING('Manual Adjustments'!O53,0.25),MROUND('Manual Adjustments'!O53,0.25)) -> 0
B61: ='Client Info'!B73 -> 0
B62: ='Effective Employees'!B40 -> N/A | C62: ='Effective Employees'!F40 -> 0 | D62: ='Manual Adjustments'!G54 -> 0 | E62: =IF('Manual Adjustments'!H54<0.25,CEILING('Manual Adjustments'!H54,0.25),MROUND('Manual Adjustments'!H54,0.25)) -> 0 | F62: =IF('Manual Adjustments'!I54<0.25,CEILING('Manual Adjustments'!I54,0.25),MROUND('Manual Adjustments'!I54,0.25)) -> 0 | G62: =IF('Manual Adjustments'!J54<0.25,CEILING('Manual Adjustments'!J54,0.25),MROUND('Manual Adjustments'!J54,0.25)) -> #N/A | H62: =IF('Manual Adjustments'!K54<0.25,CEILING('Manual Adjustments'!K54,0.25),MROUND('Manual Adjustments'!K54,0.25)) -> 0 | I62: =IF('Manual Adjustments'!L54<0.25,CEILING('Manual Adjustments'!L54,0.25),MROUND('Manual Adjustments'!L54,0.25)) -> 0 | J62: =IF('Manual Adjustments'!M54<0.25,CEILING('Manual Adjustments'!M54,0.25),MROUND('Manual Adjustments'!M54,0.25)) -> #N/A | K62: =IF('Manual Adjustments'!N54<0.25,CEILING('Manual Adjustments'!N54,0.25),MROUND('Manual Adjustments'!N54,0.25)) -> #N/A | L62: =IF('Manual Adjustments'!O54<0.25,CEILING('Manual Adjustments'!O54,0.25),MROUND('Manual Adjustments'!O54,0.25)) -> 0
B63: ='Effective Employees'!B41 -> N/A | C63: ='Effective Employees'!F41 -> 0 | D63: ='Manual Adjustments'!G55 -> 0 | E63: =IF('Manual Adjustments'!H55<0.25,CEILING('Manual Adjustments'!H55,0.25),MROUND('Manual Adjustments'!H55,0.25)) -> 0 | F63: =IF('Manual Adjustments'!I55<0.25,CEILING('Manual Adjustments'!I55,0.25),MROUND('Manual Adjustments'!I55,0.25)) -> 0 | G63: =IF('Manual Adjustments'!J55<0.25,CEILING('Manual Adjustments'!J55,0.25),MROUND('Manual Adjustments'!J55,0.25)) -> #N/A | H63: =IF('Manual Adjustments'!K55<0.25,CEILING('Manual Adjustments'!K55,0.25),MROUND('Manual Adjustments'!K55,0.25)) -> 0 | I63: =IF('Manual Adjustments'!L55<0.25,CEILING('Manual Adjustments'!L55,0.25),MROUND('Manual Adjustments'!L55,0.25)) -> 0 | J63: =IF('Manual Adjustments'!M55<0.25,CEILING('Manual Adjustments'!M55,0.25),MROUND('Manual Adjustments'!M55,0.25)) -> #N/A | K63: =IF('Manual Adjustments'!N55<0.25,CEILING('Manual Adjustments'!N55,0.25),MROUND('Manual Adjustments'!N55,0.25)) -> #N/A | L63: =IF('Manual Adjustments'!O55<0.25,CEILING('Manual Adjustments'!O55,0.25),MROUND('Manual Adjustments'!O55,0.25)) -> 0
B64: ='Effective Employees'!B42 -> N/A | C64: ='Effective Employees'!F42 -> 0 | D64: ='Manual Adjustments'!G56 -> 0 | E64: =IF('Manual Adjustments'!H56<0.25,CEILING('Manual Adjustments'!H56,0.25),MROUND('Manual Adjustments'!H56,0.25)) -> 0 | F64: =IF('Manual Adjustments'!I56<0.25,CEILING('Manual Adjustments'!I56,0.25),MROUND('Manual Adjustments'!I56,0.25)) -> 0 | G64: =IF('Manual Adjustments'!J56<0.25,CEILING('Manual Adjustments'!J56,0.25),MROUND('Manual Adjustments'!J56,0.25)) -> #N/A | H64: =IF('Manual Adjustments'!K56<0.25,CEILING('Manual Adjustments'!K56,0.25),MROUND('Manual Adjustments'!K56,0.25)) -> 0 | I64: =IF('Manual Adjustments'!L56<0.25,CEILING('Manual Adjustments'!L56,0.25),MROUND('Manual Adjustments'!L56,0.25)) -> 0 | J64: =IF('Manual Adjustments'!M56<0.25,CEILING('Manual Adjustments'!M56,0.25),MROUND('Manual Adjustments'!M56,0.25)) -> #N/A | K64: =IF('Manual Adjustments'!N56<0.25,CEILING('Manual Adjustments'!N56,0.25),MROUND('Manual Adjustments'!N56,0.25)) -> #N/A | L64: =IF('Manual Adjustments'!O56<0.25,CEILING('Manual Adjustments'!O56,0.25),MROUND('Manual Adjustments'!O56,0.25)) -> 0
B65: ='Client Info'!B74 -> 0
B66: ='Effective Employees'!B43 -> N/A | C66: ='Effective Employees'!F43 -> 0 | D66: ='Manual Adjustments'!G57 -> 0 | E66: =IF('Manual Adjustments'!H57<0.25,CEILING('Manual Adjustments'!H57,0.25),MROUND('Manual Adjustments'!H57,0.25)) -> 0 | F66: =IF('Manual Adjustments'!I57<0.25,CEILING('Manual Adjustments'!I57,0.25),MROUND('Manual Adjustments'!I57,0.25)) -> 0 | G66: =IF('Manual Adjustments'!J57<0.25,CEILING('Manual Adjustments'!J57,0.25),MROUND('Manual Adjustments'!J57,0.25)) -> #N/A | H66: =IF('Manual Adjustments'!K57<0.25,CEILING('Manual Adjustments'!K57,0.25),MROUND('Manual Adjustments'!K57,0.25)) -> 0 | I66: =IF('Manual Adjustments'!L57<0.25,CEILING('Manual Adjustments'!L57,0.25),MROUND('Manual Adjustments'!L57,0.25)) -> 0 | J66: =IF('Manual Adjustments'!M57<0.25,CEILING('Manual Adjustments'!M57,0.25),MROUND('Manual Adjustments'!M57,0.25)) -> #N/A | K66: =IF('Manual Adjustments'!N57<0.25,CEILING('Manual Adjustments'!N57,0.25),MROUND('Manual Adjustments'!N57,0.25)) -> #N/A | L66: =IF('Manual Adjustments'!O57<0.25,CEILING('Manual Adjustments'!O57,0.25),MROUND('Manual Adjustments'!O57,0.25)) -> 0
B67: ='Effective Employees'!B44 -> N/A | C67: ='Effective Employees'!F44 -> 0 | D67: ='Manual Adjustments'!G58 -> 0 | E67: =IF('Manual Adjustments'!H58<0.25,CEILING('Manual Adjustments'!H58,0.25),MROUND('Manual Adjustments'!H58,0.25)) -> 0 | F67: =IF('Manual Adjustments'!I58<0.25,CEILING('Manual Adjustments'!I58,0.25),MROUND('Manual Adjustments'!I58,0.25)) -> 0 | G67: =IF('Manual Adjustments'!J58<0.25,CEILING('Manual Adjustments'!J58,0.25),MROUND('Manual Adjustments'!J58,0.25)) -> #N/A | H67: =IF('Manual Adjustments'!K58<0.25,CEILING('Manual Adjustments'!K58,0.25),MROUND('Manual Adjustments'!K58,0.25)) -> 0 | I67: =IF('Manual Adjustments'!L58<0.25,CEILING('Manual Adjustments'!L58,0.25),MROUND('Manual Adjustments'!L58,0.25)) -> 0 | J67: =IF('Manual Adjustments'!M58<0.25,CEILING('Manual Adjustments'!M58,0.25),MROUND('Manual Adjustments'!M58,0.25)) -> #N/A | K67: =IF('Manual Adjustments'!N58<0.25,CEILING('Manual Adjustments'!N58,0.25),MROUND('Manual Adjustments'!N58,0.25)) -> #N/A | L67: =IF('Manual Adjustments'!O58<0.25,CEILING('Manual Adjustments'!O58,0.25),MROUND('Manual Adjustments'!O58,0.25)) -> 0
B68: ='Effective Employees'!B45 -> N/A | C68: ='Effective Employees'!F45 -> 0 | D68: ='Manual Adjustments'!G59 -> 0 | E68: =IF('Manual Adjustments'!H59<0.25,CEILING('Manual Adjustments'!H59,0.25),MROUND('Manual Adjustments'!H59,0.25)) -> 0 | F68: =IF('Manual Adjustments'!I59<0.25,CEILING('Manual Adjustments'!I59,0.25),MROUND('Manual Adjustments'!I59,0.25)) -> 0 | G68: =IF('Manual Adjustments'!J59<0.25,CEILING('Manual Adjustments'!J59,0.25),MROUND('Manual Adjustments'!J59,0.25)) -> #N/A | H68: =IF('Manual Adjustments'!K59<0.25,CEILING('Manual Adjustments'!K59,0.25),MROUND('Manual Adjustments'!K59,0.25)) -> 0 | I68: =IF('Manual Adjustments'!L59<0.25,CEILING('Manual Adjustments'!L59,0.25),MROUND('Manual Adjustments'!L59,0.25)) -> 0 | J68: =IF('Manual Adjustments'!M59<0.25,CEILING('Manual Adjustments'!M59,0.25),MROUND('Manual Adjustments'!M59,0.25)) -> #N/A | K68: =IF('Manual Adjustments'!N59<0.25,CEILING('Manual Adjustments'!N59,0.25),MROUND('Manual Adjustments'!N59,0.25)) -> #N/A | L68: =IF('Manual Adjustments'!O59<0.25,CEILING('Manual Adjustments'!O59,0.25),MROUND('Manual Adjustments'!O59,0.25)) -> 0
B69: ='Client Info'!B75 -> 0
B70: ='Effective Employees'!B46 -> N/A | C70: ='Effective Employees'!F46 -> 0 | D70: ='Manual Adjustments'!G60 -> 0 | E70: =IF('Manual Adjustments'!H60<0.25,CEILING('Manual Adjustments'!H60,0.25),MROUND('Manual Adjustments'!H60,0.25)) -> 0 | F70: =IF('Manual Adjustments'!I60<0.25,CEILING('Manual Adjustments'!I60,0.25),MROUND('Manual Adjustments'!I60,0.25)) -> 0 | G70: =IF('Manual Adjustments'!J60<0.25,CEILING('Manual Adjustments'!J60,0.25),MROUND('Manual Adjustments'!J60,0.25)) -> #N/A | H70: =IF('Manual Adjustments'!K60<0.25,CEILING('Manual Adjustments'!K60,0.25),MROUND('Manual Adjustments'!K60,0.25)) -> 0 | I70: =IF('Manual Adjustments'!L60<0.25,CEILING('Manual Adjustments'!L60,0.25),MROUND('Manual Adjustments'!L60,0.25)) -> 0 | J70: =IF('Manual Adjustments'!M60<0.25,CEILING('Manual Adjustments'!M60,0.25),MROUND('Manual Adjustments'!M60,0.25)) -> #N/A | K70: =IF('Manual Adjustments'!N60<0.25,CEILING('Manual Adjustments'!N60,0.25),MROUND('Manual Adjustments'!N60,0.25)) -> #N/A | L70: =IF('Manual Adjustments'!O60<0.25,CEILING('Manual Adjustments'!O60,0.25),MROUND('Manual Adjustments'!O60,0.25)) -> 0
B71: ='Effective Employees'!B47 -> N/A | C71: ='Effective Employees'!F47 -> 0 | D71: ='Manual Adjustments'!G61 -> 0 | E71: =IF('Manual Adjustments'!H61<0.25,CEILING('Manual Adjustments'!H61,0.25),MROUND('Manual Adjustments'!H61,0.25)) -> 0 | F71: =IF('Manual Adjustments'!I61<0.25,CEILING('Manual Adjustments'!I61,0.25),MROUND('Manual Adjustments'!I61,0.25)) -> 0 | G71: =IF('Manual Adjustments'!J61<0.25,CEILING('Manual Adjustments'!J61,0.25),MROUND('Manual Adjustments'!J61,0.25)) -> #N/A | H71: =IF('Manual Adjustments'!K61<0.25,CEILING('Manual Adjustments'!K61,0.25),MROUND('Manual Adjustments'!K61,0.25)) -> 0 | I71: =IF('Manual Adjustments'!L61<0.25,CEILING('Manual Adjustments'!L61,0.25),MROUND('Manual Adjustments'!L61,0.25)) -> 0 | J71: =IF('Manual Adjustments'!M61<0.25,CEILING('Manual Adjustments'!M61,0.25),MROUND('Manual Adjustments'!M61,0.25)) -> #N/A | K71: =IF('Manual Adjustments'!N61<0.25,CEILING('Manual Adjustments'!N61,0.25),MROUND('Manual Adjustments'!N61,0.25)) -> #N/A | L71: =IF('Manual Adjustments'!O61<0.25,CEILING('Manual Adjustments'!O61,0.25),MROUND('Manual Adjustments'!O61,0.25)) -> 0
B72: ='Effective Employees'!B48 -> N/A | C72: ='Effective Employees'!F48 -> 0 | D72: ='Manual Adjustments'!G62 -> 0 | E72: =IF('Manual Adjustments'!H62<0.25,CEILING('Manual Adjustments'!H62,0.25),MROUND('Manual Adjustments'!H62,0.25)) -> 0 | F72: =IF('Manual Adjustments'!I62<0.25,CEILING('Manual Adjustments'!I62,0.25),MROUND('Manual Adjustments'!I62,0.25)) -> 0 | G72: =IF('Manual Adjustments'!J62<0.25,CEILING('Manual Adjustments'!J62,0.25),MROUND('Manual Adjustments'!J62,0.25)) -> #N/A | H72: =IF('Manual Adjustments'!K62<0.25,CEILING('Manual Adjustments'!K62,0.25),MROUND('Manual Adjustments'!K62,0.25)) -> 0 | I72: =IF('Manual Adjustments'!L62<0.25,CEILING('Manual Adjustments'!L62,0.25),MROUND('Manual Adjustments'!L62,0.25)) -> 0 | J72: =IF('Manual Adjustments'!M62<0.25,CEILING('Manual Adjustments'!M62,0.25),MROUND('Manual Adjustments'!M62,0.25)) -> #N/A | K72: =IF('Manual Adjustments'!N62<0.25,CEILING('Manual Adjustments'!N62,0.25),MROUND('Manual Adjustments'!N62,0.25)) -> #N/A | L72: =IF('Manual Adjustments'!O62<0.25,CEILING('Manual Adjustments'!O62,0.25),MROUND('Manual Adjustments'!O62,0.25)) -> 0
B73: ='Client Info'!B76 -> 0
B74: ='Effective Employees'!B49 -> N/A | C74: ='Effective Employees'!F49 -> 0 | D74: ='Manual Adjustments'!G63 -> 0 | E74: =IF('Manual Adjustments'!H63<0.25,CEILING('Manual Adjustments'!H63,0.25),MROUND('Manual Adjustments'!H63,0.25)) -> 0 | F74: =IF('Manual Adjustments'!I63<0.25,CEILING('Manual Adjustments'!I63,0.25),MROUND('Manual Adjustments'!I63,0.25)) -> 0 | G74: =IF('Manual Adjustments'!J63<0.25,CEILING('Manual Adjustments'!J63,0.25),MROUND('Manual Adjustments'!J63,0.25)) -> #N/A | H74: =IF('Manual Adjustments'!K63<0.25,CEILING('Manual Adjustments'!K63,0.25),MROUND('Manual Adjustments'!K63,0.25)) -> 0 | I74: =IF('Manual Adjustments'!L63<0.25,CEILING('Manual Adjustments'!L63,0.25),MROUND('Manual Adjustments'!L63,0.25)) -> 0 | J74: =IF('Manual Adjustments'!M63<0.25,CEILING('Manual Adjustments'!M63,0.25),MROUND('Manual Adjustments'!M63,0.25)) -> #N/A | K74: =IF('Manual Adjustments'!N63<0.25,CEILING('Manual Adjustments'!N63,0.25),MROUND('Manual Adjustments'!N63,0.25)) -> #N/A | L74: =IF('Manual Adjustments'!O63<0.25,CEILING('Manual Adjustments'!O63,0.25),MROUND('Manual Adjustments'!O63,0.25)) -> 0
B75: ='Effective Employees'!B50 -> N/A | C75: ='Effective Employees'!F50 -> 0 | D75: ='Manual Adjustments'!G64 -> 0 | E75: =IF('Manual Adjustments'!H64<0.25,CEILING('Manual Adjustments'!H64,0.25),MROUND('Manual Adjustments'!H64,0.25)) -> 0 | F75: =IF('Manual Adjustments'!I64<0.25,CEILING('Manual Adjustments'!I64,0.25),MROUND('Manual Adjustments'!I64,0.25)) -> 0 | G75: =IF('Manual Adjustments'!J64<0.25,CEILING('Manual Adjustments'!J64,0.25),MROUND('Manual Adjustments'!J64,0.25)) -> #N/A | H75: =IF('Manual Adjustments'!K64<0.25,CEILING('Manual Adjustments'!K64,0.25),MROUND('Manual Adjustments'!K64,0.25)) -> 0 | I75: =IF('Manual Adjustments'!L64<0.25,CEILING('Manual Adjustments'!L64,0.25),MROUND('Manual Adjustments'!L64,0.25)) -> 0 | J75: =IF('Manual Adjustments'!M64<0.25,CEILING('Manual Adjustments'!M64,0.25),MROUND('Manual Adjustments'!M64,0.25)) -> #N/A | K75: =IF('Manual Adjustments'!N64<0.25,CEILING('Manual Adjustments'!N64,0.25),MROUND('Manual Adjustments'!N64,0.25)) -> #N/A | L75: =IF('Manual Adjustments'!O64<0.25,CEILING('Manual Adjustments'!O64,0.25),MROUND('Manual Adjustments'!O64,0.25)) -> 0
B76: ='Effective Employees'!B51 -> N/A | C76: ='Effective Employees'!F51 -> 0 | D76: ='Manual Adjustments'!G65 -> 0 | E76: =IF('Manual Adjustments'!H65<0.25,CEILING('Manual Adjustments'!H65,0.25),MROUND('Manual Adjustments'!H65,0.25)) -> 0 | F76: =IF('Manual Adjustments'!I65<0.25,CEILING('Manual Adjustments'!I65,0.25),MROUND('Manual Adjustments'!I65,0.25)) -> 0 | G76: =IF('Manual Adjustments'!J65<0.25,CEILING('Manual Adjustments'!J65,0.25),MROUND('Manual Adjustments'!J65,0.25)) -> #N/A | H76: =IF('Manual Adjustments'!K65<0.25,CEILING('Manual Adjustments'!K65,0.25),MROUND('Manual Adjustments'!K65,0.25)) -> 0 | I76: =IF('Manual Adjustments'!L65<0.25,CEILING('Manual Adjustments'!L65,0.25),MROUND('Manual Adjustments'!L65,0.25)) -> 0 | J76: =IF('Manual Adjustments'!M65<0.25,CEILING('Manual Adjustments'!M65,0.25),MROUND('Manual Adjustments'!M65,0.25)) -> #N/A | K76: =IF('Manual Adjustments'!N65<0.25,CEILING('Manual Adjustments'!N65,0.25),MROUND('Manual Adjustments'!N65,0.25)) -> #N/A | L76: =IF('Manual Adjustments'!O65<0.25,CEILING('Manual Adjustments'!O65,0.25),MROUND('Manual Adjustments'!O65,0.25)) -> 0
B77: ='Client Info'!B77 -> 0
B78: ='Effective Employees'!B52 -> N/A | C78: ='Effective Employees'!F52 -> 0 | D78: ='Manual Adjustments'!G66 -> 0 | E78: =IF('Manual Adjustments'!H66<0.25,CEILING('Manual Adjustments'!H66,0.25),MROUND('Manual Adjustments'!H66,0.25)) -> 0 | F78: =IF('Manual Adjustments'!I66<0.25,CEILING('Manual Adjustments'!I66,0.25),MROUND('Manual Adjustments'!I66,0.25)) -> 0 | G78: =IF('Manual Adjustments'!J66<0.25,CEILING('Manual Adjustments'!J66,0.25),MROUND('Manual Adjustments'!J66,0.25)) -> #N/A | H78: =IF('Manual Adjustments'!K66<0.25,CEILING('Manual Adjustments'!K66,0.25),MROUND('Manual Adjustments'!K66,0.25)) -> 0 | I78: =IF('Manual Adjustments'!L66<0.25,CEILING('Manual Adjustments'!L66,0.25),MROUND('Manual Adjustments'!L66,0.25)) -> 0 | J78: =IF('Manual Adjustments'!M66<0.25,CEILING('Manual Adjustments'!M66,0.25),MROUND('Manual Adjustments'!M66,0.25)) -> #N/A | K78: =IF('Manual Adjustments'!N66<0.25,CEILING('Manual Adjustments'!N66,0.25),MROUND('Manual Adjustments'!N66,0.25)) -> #N/A | L78: =IF('Manual Adjustments'!O66<0.25,CEILING('Manual Adjustments'!O66,0.25),MROUND('Manual Adjustments'!O66,0.25)) -> 0
B79: ='Effective Employees'!B53 -> N/A | C79: ='Effective Employees'!F53 -> 0 | D79: ='Manual Adjustments'!G67 -> 0 | E79: =IF('Manual Adjustments'!H67<0.25,CEILING('Manual Adjustments'!H67,0.25),MROUND('Manual Adjustments'!H67,0.25)) -> 0 | F79: =IF('Manual Adjustments'!I67<0.25,CEILING('Manual Adjustments'!I67,0.25),MROUND('Manual Adjustments'!I67,0.25)) -> 0 | G79: =IF('Manual Adjustments'!J67<0.25,CEILING('Manual Adjustments'!J67,0.25),MROUND('Manual Adjustments'!J67,0.25)) -> #N/A | H79: =IF('Manual Adjustments'!K67<0.25,CEILING('Manual Adjustments'!K67,0.25),MROUND('Manual Adjustments'!K67,0.25)) -> 0 | I79: =IF('Manual Adjustments'!L67<0.25,CEILING('Manual Adjustments'!L67,0.25),MROUND('Manual Adjustments'!L67,0.25)) -> 0 | J79: =IF('Manual Adjustments'!M67<0.25,CEILING('Manual Adjustments'!M67,0.25),MROUND('Manual Adjustments'!M67,0.25)) -> #N/A | K79: =IF('Manual Adjustments'!N67<0.25,CEILING('Manual Adjustments'!N67,0.25),MROUND('Manual Adjustments'!N67,0.25)) -> #N/A | L79: =IF('Manual Adjustments'!O67<0.25,CEILING('Manual Adjustments'!O67,0.25),MROUND('Manual Adjustments'!O67,0.25)) -> 0
B80: ='Effective Employees'!B54 -> N/A | C80: ='Effective Employees'!F54 -> 0 | D80: ='Manual Adjustments'!G68 -> 0 | E80: =IF('Manual Adjustments'!H68<0.25,CEILING('Manual Adjustments'!H68,0.25),MROUND('Manual Adjustments'!H68,0.25)) -> 0 | F80: =IF('Manual Adjustments'!I68<0.25,CEILING('Manual Adjustments'!I68,0.25),MROUND('Manual Adjustments'!I68,0.25)) -> 0 | G80: =IF('Manual Adjustments'!J68<0.25,CEILING('Manual Adjustments'!J68,0.25),MROUND('Manual Adjustments'!J68,0.25)) -> #N/A | H80: =IF('Manual Adjustments'!K68<0.25,CEILING('Manual Adjustments'!K68,0.25),MROUND('Manual Adjustments'!K68,0.25)) -> 0 | I80: =IF('Manual Adjustments'!L68<0.25,CEILING('Manual Adjustments'!L68,0.25),MROUND('Manual Adjustments'!L68,0.25)) -> 0 | J80: =IF('Manual Adjustments'!M68<0.25,CEILING('Manual Adjustments'!M68,0.25),MROUND('Manual Adjustments'!M68,0.25)) -> #N/A | K80: =IF('Manual Adjustments'!N68<0.25,CEILING('Manual Adjustments'!N68,0.25),MROUND('Manual Adjustments'!N68,0.25)) -> #N/A | L80: =IF('Manual Adjustments'!O68<0.25,CEILING('Manual Adjustments'!O68,0.25),MROUND('Manual Adjustments'!O68,0.25)) -> 0
B81: ='Client Info'!B78 -> 0
B82: ='Effective Employees'!B55 -> N/A | C82: ='Effective Employees'!F55 -> 0 | D82: ='Manual Adjustments'!G69 -> 0 | E82: =IF('Manual Adjustments'!H69<0.25,CEILING('Manual Adjustments'!H69,0.25),MROUND('Manual Adjustments'!H69,0.25)) -> 0 | F82: =IF('Manual Adjustments'!I69<0.25,CEILING('Manual Adjustments'!I69,0.25),MROUND('Manual Adjustments'!I69,0.25)) -> 0 | G82: =IF('Manual Adjustments'!J69<0.25,CEILING('Manual Adjustments'!J69,0.25),MROUND('Manual Adjustments'!J69,0.25)) -> #N/A | H82: =IF('Manual Adjustments'!K69<0.25,CEILING('Manual Adjustments'!K69,0.25),MROUND('Manual Adjustments'!K69,0.25)) -> 0 | I82: =IF('Manual Adjustments'!L69<0.25,CEILING('Manual Adjustments'!L69,0.25),MROUND('Manual Adjustments'!L69,0.25)) -> 0 | J82: =IF('Manual Adjustments'!M69<0.25,CEILING('Manual Adjustments'!M69,0.25),MROUND('Manual Adjustments'!M69,0.25)) -> #N/A | K82: =IF('Manual Adjustments'!N69<0.25,CEILING('Manual Adjustments'!N69,0.25),MROUND('Manual Adjustments'!N69,0.25)) -> #N/A | L82: =IF('Manual Adjustments'!O69<0.25,CEILING('Manual Adjustments'!O69,0.25),MROUND('Manual Adjustments'!O69,0.25)) -> 0
B83: ='Effective Employees'!B56 -> N/A | C83: ='Effective Employees'!F56 -> 0 | D83: ='Manual Adjustments'!G70 -> 0 | E83: =IF('Manual Adjustments'!H70<0.25,CEILING('Manual Adjustments'!H70,0.25),MROUND('Manual Adjustments'!H70,0.25)) -> 0 | F83: =IF('Manual Adjustments'!I70<0.25,CEILING('Manual Adjustments'!I70,0.25),MROUND('Manual Adjustments'!I70,0.25)) -> 0 | G83: =IF('Manual Adjustments'!J70<0.25,CEILING('Manual Adjustments'!J70,0.25),MROUND('Manual Adjustments'!J70,0.25)) -> #N/A | H83: =IF('Manual Adjustments'!K70<0.25,CEILING('Manual Adjustments'!K70,0.25),MROUND('Manual Adjustments'!K70,0.25)) -> 0 | I83: =IF('Manual Adjustments'!L70<0.25,CEILING('Manual Adjustments'!L70,0.25),MROUND('Manual Adjustments'!L70,0.25)) -> 0 | J83: =IF('Manual Adjustments'!M70<0.25,CEILING('Manual Adjustments'!M70,0.25),MROUND('Manual Adjustments'!M70,0.25)) -> #N/A | K83: =IF('Manual Adjustments'!N70<0.25,CEILING('Manual Adjustments'!N70,0.25),MROUND('Manual Adjustments'!N70,0.25)) -> #N/A | L83: =IF('Manual Adjustments'!O70<0.25,CEILING('Manual Adjustments'!O70,0.25),MROUND('Manual Adjustments'!O70,0.25)) -> 0
B84: ='Effective Employees'!B57 -> N/A | C84: ='Effective Employees'!F57 -> 0 | D84: ='Manual Adjustments'!G71 -> 0 | E84: =IF('Manual Adjustments'!H71<0.25,CEILING('Manual Adjustments'!H71,0.25),MROUND('Manual Adjustments'!H71,0.25)) -> 0 | F84: =IF('Manual Adjustments'!I71<0.25,CEILING('Manual Adjustments'!I71,0.25),MROUND('Manual Adjustments'!I71,0.25)) -> 0 | G84: =IF('Manual Adjustments'!J71<0.25,CEILING('Manual Adjustments'!J71,0.25),MROUND('Manual Adjustments'!J71,0.25)) -> #N/A | H84: =IF('Manual Adjustments'!K71<0.25,CEILING('Manual Adjustments'!K71,0.25),MROUND('Manual Adjustments'!K71,0.25)) -> 0 | I84: =IF('Manual Adjustments'!L71<0.25,CEILING('Manual Adjustments'!L71,0.25),MROUND('Manual Adjustments'!L71,0.25)) -> 0 | J84: =IF('Manual Adjustments'!M71<0.25,CEILING('Manual Adjustments'!M71,0.25),MROUND('Manual Adjustments'!M71,0.25)) -> #N/A | K84: =IF('Manual Adjustments'!N71<0.25,CEILING('Manual Adjustments'!N71,0.25),MROUND('Manual Adjustments'!N71,0.25)) -> #N/A | L84: =IF('Manual Adjustments'!O71<0.25,CEILING('Manual Adjustments'!O71,0.25),MROUND('Manual Adjustments'!O71,0.25)) -> 0
B85: ='Client Info'!B79 -> 0
B86: ='Effective Employees'!B58 -> N/A | C86: ='Effective Employees'!F58 -> 0 | D86: ='Manual Adjustments'!G72 -> 0 | E86: =IF('Manual Adjustments'!H72<0.25,CEILING('Manual Adjustments'!H72,0.25),MROUND('Manual Adjustments'!H72,0.25)) -> 0 | F86: =IF('Manual Adjustments'!I72<0.25,CEILING('Manual Adjustments'!I72,0.25),MROUND('Manual Adjustments'!I72,0.25)) -> 0 | G86: =IF('Manual Adjustments'!J72<0.25,CEILING('Manual Adjustments'!J72,0.25),MROUND('Manual Adjustments'!J72,0.25)) -> #N/A | H86: =IF('Manual Adjustments'!K72<0.25,CEILING('Manual Adjustments'!K72,0.25),MROUND('Manual Adjustments'!K72,0.25)) -> 0 | I86: =IF('Manual Adjustments'!L72<0.25,CEILING('Manual Adjustments'!L72,0.25),MROUND('Manual Adjustments'!L72,0.25)) -> 0 | J86: =IF('Manual Adjustments'!M72<0.25,CEILING('Manual Adjustments'!M72,0.25),MROUND('Manual Adjustments'!M72,0.25)) -> #N/A | K86: =IF('Manual Adjustments'!N72<0.25,CEILING('Manual Adjustments'!N72,0.25),MROUND('Manual Adjustments'!N72,0.25)) -> #N/A | L86: =IF('Manual Adjustments'!O72<0.25,CEILING('Manual Adjustments'!O72,0.25),MROUND('Manual Adjustments'!O72,0.25)) -> 0
B87: ='Effective Employees'!B59 -> N/A | C87: ='Effective Employees'!F59 -> 0 | D87: ='Manual Adjustments'!G73 -> 0 | E87: =IF('Manual Adjustments'!H73<0.25,CEILING('Manual Adjustments'!H73,0.25),MROUND('Manual Adjustments'!H73,0.25)) -> 0 | F87: =IF('Manual Adjustments'!I73<0.25,CEILING('Manual Adjustments'!I73,0.25),MROUND('Manual Adjustments'!I73,0.25)) -> 0 | G87: =IF('Manual Adjustments'!J73<0.25,CEILING('Manual Adjustments'!J73,0.25),MROUND('Manual Adjustments'!J73,0.25)) -> #N/A | H87: =IF('Manual Adjustments'!K73<0.25,CEILING('Manual Adjustments'!K73,0.25),MROUND('Manual Adjustments'!K73,0.25)) -> 0 | I87: =IF('Manual Adjustments'!L73<0.25,CEILING('Manual Adjustments'!L73,0.25),MROUND('Manual Adjustments'!L73,0.25)) -> 0 | J87: =IF('Manual Adjustments'!M73<0.25,CEILING('Manual Adjustments'!M73,0.25),MROUND('Manual Adjustments'!M73,0.25)) -> #N/A | K87: =IF('Manual Adjustments'!N73<0.25,CEILING('Manual Adjustments'!N73,0.25),MROUND('Manual Adjustments'!N73,0.25)) -> #N/A | L87: =IF('Manual Adjustments'!O73<0.25,CEILING('Manual Adjustments'!O73,0.25),MROUND('Manual Adjustments'!O73,0.25)) -> 0
B88: ='Effective Employees'!B60 -> N/A | C88: ='Effective Employees'!F60 -> 0 | D88: ='Manual Adjustments'!G74 -> 0 | E88: =IF('Manual Adjustments'!H74<0.25,CEILING('Manual Adjustments'!H74,0.25),MROUND('Manual Adjustments'!H74,0.25)) -> 0 | F88: =IF('Manual Adjustments'!I74<0.25,CEILING('Manual Adjustments'!I74,0.25),MROUND('Manual Adjustments'!I74,0.25)) -> 0 | G88: =IF('Manual Adjustments'!J74<0.25,CEILING('Manual Adjustments'!J74,0.25),MROUND('Manual Adjustments'!J74,0.25)) -> #N/A | H88: =IF('Manual Adjustments'!K74<0.25,CEILING('Manual Adjustments'!K74,0.25),MROUND('Manual Adjustments'!K74,0.25)) -> 0 | I88: =IF('Manual Adjustments'!L74<0.25,CEILING('Manual Adjustments'!L74,0.25),MROUND('Manual Adjustments'!L74,0.25)) -> 0 | J88: =IF('Manual Adjustments'!M74<0.25,CEILING('Manual Adjustments'!M74,0.25),MROUND('Manual Adjustments'!M74,0.25)) -> #N/A | K88: =IF('Manual Adjustments'!N74<0.25,CEILING('Manual Adjustments'!N74,0.25),MROUND('Manual Adjustments'!N74,0.25)) -> #N/A | L88: =IF('Manual Adjustments'!O74<0.25,CEILING('Manual Adjustments'!O74,0.25),MROUND('Manual Adjustments'!O74,0.25)) -> 0
B89: ='Client Info'!B80 -> 0
B90: ='Effective Employees'!B61 -> N/A | C90: ='Effective Employees'!F61 -> 0 | D90: ='Manual Adjustments'!G75 -> 0 | E90: =IF('Manual Adjustments'!H75<0.25,CEILING('Manual Adjustments'!H75,0.25),MROUND('Manual Adjustments'!H75,0.25)) -> 0 | F90: =IF('Manual Adjustments'!I75<0.25,CEILING('Manual Adjustments'!I75,0.25),MROUND('Manual Adjustments'!I75,0.25)) -> 0 | G90: =IF('Manual Adjustments'!J75<0.25,CEILING('Manual Adjustments'!J75,0.25),MROUND('Manual Adjustments'!J75,0.25)) -> #N/A | H90: =IF('Manual Adjustments'!K75<0.25,CEILING('Manual Adjustments'!K75,0.25),MROUND('Manual Adjustments'!K75,0.25)) -> 0 | I90: =IF('Manual Adjustments'!L75<0.25,CEILING('Manual Adjustments'!L75,0.25),MROUND('Manual Adjustments'!L75,0.25)) -> 0 | J90: =IF('Manual Adjustments'!M75<0.25,CEILING('Manual Adjustments'!M75,0.25),MROUND('Manual Adjustments'!M75,0.25)) -> #N/A | K90: =IF('Manual Adjustments'!N75<0.25,CEILING('Manual Adjustments'!N75,0.25),MROUND('Manual Adjustments'!N75,0.25)) -> #N/A | L90: =IF('Manual Adjustments'!O75<0.25,CEILING('Manual Adjustments'!O75,0.25),MROUND('Manual Adjustments'!O75,0.25)) -> 0
B91: ='Effective Employees'!B62 -> N/A | C91: ='Effective Employees'!F62 -> 0 | D91: ='Manual Adjustments'!G76 -> 0 | E91: =IF('Manual Adjustments'!H76<0.25,CEILING('Manual Adjustments'!H76,0.25),MROUND('Manual Adjustments'!H76,0.25)) -> 0 | F91: =IF('Manual Adjustments'!I76<0.25,CEILING('Manual Adjustments'!I76,0.25),MROUND('Manual Adjustments'!I76,0.25)) -> 0 | G91: =IF('Manual Adjustments'!J76<0.25,CEILING('Manual Adjustments'!J76,0.25),MROUND('Manual Adjustments'!J76,0.25)) -> #N/A | H91: =IF('Manual Adjustments'!K76<0.25,CEILING('Manual Adjustments'!K76,0.25),MROUND('Manual Adjustments'!K76,0.25)) -> 0 | I91: =IF('Manual Adjustments'!L76<0.25,CEILING('Manual Adjustments'!L76,0.25),MROUND('Manual Adjustments'!L76,0.25)) -> 0 | J91: =IF('Manual Adjustments'!M76<0.25,CEILING('Manual Adjustments'!M76,0.25),MROUND('Manual Adjustments'!M76,0.25)) -> #N/A | K91: =IF('Manual Adjustments'!N76<0.25,CEILING('Manual Adjustments'!N76,0.25),MROUND('Manual Adjustments'!N76,0.25)) -> #N/A | L91: =IF('Manual Adjustments'!O76<0.25,CEILING('Manual Adjustments'!O76,0.25),MROUND('Manual Adjustments'!O76,0.25)) -> 0
B92: ='Effective Employees'!B63 -> N/A | C92: ='Effective Employees'!F63 -> 0 | D92: ='Manual Adjustments'!G77 -> 0 | E92: =IF('Manual Adjustments'!H77<0.25,CEILING('Manual Adjustments'!H77,0.25),MROUND('Manual Adjustments'!H77,0.25)) -> 0 | F92: =IF('Manual Adjustments'!I77<0.25,CEILING('Manual Adjustments'!I77,0.25),MROUND('Manual Adjustments'!I77,0.25)) -> 0 | G92: =IF('Manual Adjustments'!J77<0.25,CEILING('Manual Adjustments'!J77,0.25),MROUND('Manual Adjustments'!J77,0.25)) -> #N/A | H92: =IF('Manual Adjustments'!K77<0.25,CEILING('Manual Adjustments'!K77,0.25),MROUND('Manual Adjustments'!K77,0.25)) -> 0 | I92: =IF('Manual Adjustments'!L77<0.25,CEILING('Manual Adjustments'!L77,0.25),MROUND('Manual Adjustments'!L77,0.25)) -> 0 | J92: =IF('Manual Adjustments'!M77<0.25,CEILING('Manual Adjustments'!M77,0.25),MROUND('Manual Adjustments'!M77,0.25)) -> #N/A | K92: =IF('Manual Adjustments'!N77<0.25,CEILING('Manual Adjustments'!N77,0.25),MROUND('Manual Adjustments'!N77,0.25)) -> #N/A | L92: =IF('Manual Adjustments'!O77<0.25,CEILING('Manual Adjustments'!O77,0.25),MROUND('Manual Adjustments'!O77,0.25)) -> 0
B93: ='Client Info'!B81 -> 0
B94: ='Effective Employees'!B64 -> N/A | C94: ='Effective Employees'!F64 -> 0 | D94: ='Manual Adjustments'!G78 -> 0 | E94: =IF('Manual Adjustments'!H78<0.25,CEILING('Manual Adjustments'!H78,0.25),MROUND('Manual Adjustments'!H78,0.25)) -> 0 | F94: =IF('Manual Adjustments'!I78<0.25,CEILING('Manual Adjustments'!I78,0.25),MROUND('Manual Adjustments'!I78,0.25)) -> 0 | G94: =IF('Manual Adjustments'!J78<0.25,CEILING('Manual Adjustments'!J78,0.25),MROUND('Manual Adjustments'!J78,0.25)) -> #N/A | H94: =IF('Manual Adjustments'!K78<0.25,CEILING('Manual Adjustments'!K78,0.25),MROUND('Manual Adjustments'!K78,0.25)) -> 0 | I94: =IF('Manual Adjustments'!L78<0.25,CEILING('Manual Adjustments'!L78,0.25),MROUND('Manual Adjustments'!L78,0.25)) -> 0 | J94: =IF('Manual Adjustments'!M78<0.25,CEILING('Manual Adjustments'!M78,0.25),MROUND('Manual Adjustments'!M78,0.25)) -> #N/A | K94: =IF('Manual Adjustments'!N78<0.25,CEILING('Manual Adjustments'!N78,0.25),MROUND('Manual Adjustments'!N78,0.25)) -> #N/A | L94: =IF('Manual Adjustments'!O78<0.25,CEILING('Manual Adjustments'!O78,0.25),MROUND('Manual Adjustments'!O78,0.25)) -> 0
B95: ='Effective Employees'!B65 -> N/A | C95: ='Effective Employees'!F65 -> 0 | D95: ='Manual Adjustments'!G79 -> 0 | E95: =IF('Manual Adjustments'!H79<0.25,CEILING('Manual Adjustments'!H79,0.25),MROUND('Manual Adjustments'!H79,0.25)) -> 0 | F95: =IF('Manual Adjustments'!I79<0.25,CEILING('Manual Adjustments'!I79,0.25),MROUND('Manual Adjustments'!I79,0.25)) -> 0 | G95: =IF('Manual Adjustments'!J79<0.25,CEILING('Manual Adjustments'!J79,0.25),MROUND('Manual Adjustments'!J79,0.25)) -> #N/A | H95: =IF('Manual Adjustments'!K79<0.25,CEILING('Manual Adjustments'!K79,0.25),MROUND('Manual Adjustments'!K79,0.25)) -> 0 | I95: =IF('Manual Adjustments'!L79<0.25,CEILING('Manual Adjustments'!L79,0.25),MROUND('Manual Adjustments'!L79,0.25)) -> 0 | J95: =IF('Manual Adjustments'!M79<0.25,CEILING('Manual Adjustments'!M79,0.25),MROUND('Manual Adjustments'!M79,0.25)) -> #N/A | K95: =IF('Manual Adjustments'!N79<0.25,CEILING('Manual Adjustments'!N79,0.25),MROUND('Manual Adjustments'!N79,0.25)) -> #N/A | L95: =IF('Manual Adjustments'!O79<0.25,CEILING('Manual Adjustments'!O79,0.25),MROUND('Manual Adjustments'!O79,0.25)) -> 0
B96: ='Effective Employees'!B66 -> N/A | C96: ='Effective Employees'!F66 -> 0 | D96: ='Manual Adjustments'!G80 -> 0 | E96: =IF('Manual Adjustments'!H80<0.25,CEILING('Manual Adjustments'!H80,0.25),MROUND('Manual Adjustments'!H80,0.25)) -> 0 | F96: =IF('Manual Adjustments'!I80<0.25,CEILING('Manual Adjustments'!I80,0.25),MROUND('Manual Adjustments'!I80,0.25)) -> 0 | G96: =IF('Manual Adjustments'!J80<0.25,CEILING('Manual Adjustments'!J80,0.25),MROUND('Manual Adjustments'!J80,0.25)) -> #N/A | H96: =IF('Manual Adjustments'!K80<0.25,CEILING('Manual Adjustments'!K80,0.25),MROUND('Manual Adjustments'!K80,0.25)) -> 0 | I96: =IF('Manual Adjustments'!L80<0.25,CEILING('Manual Adjustments'!L80,0.25),MROUND('Manual Adjustments'!L80,0.25)) -> 0 | J96: =IF('Manual Adjustments'!M80<0.25,CEILING('Manual Adjustments'!M80,0.25),MROUND('Manual Adjustments'!M80,0.25)) -> #N/A | K96: =IF('Manual Adjustments'!N80<0.25,CEILING('Manual Adjustments'!N80,0.25),MROUND('Manual Adjustments'!N80,0.25)) -> #N/A | L96: =IF('Manual Adjustments'!O80<0.25,CEILING('Manual Adjustments'!O80,0.25),MROUND('Manual Adjustments'!O80,0.25)) -> 0
B97: ='Client Info'!B82 -> 0
B98: ='Effective Employees'!B67 -> N/A | C98: ='Effective Employees'!F67 -> 0 | D98: ='Manual Adjustments'!G81 -> 0 | E98: =IF('Manual Adjustments'!H81<0.25,CEILING('Manual Adjustments'!H81,0.25),MROUND('Manual Adjustments'!H81,0.25)) -> 0 | F98: =IF('Manual Adjustments'!I81<0.25,CEILING('Manual Adjustments'!I81,0.25),MROUND('Manual Adjustments'!I81,0.25)) -> 0 | G98: =IF('Manual Adjustments'!J81<0.25,CEILING('Manual Adjustments'!J81,0.25),MROUND('Manual Adjustments'!J81,0.25)) -> #N/A | H98: =IF('Manual Adjustments'!K81<0.25,CEILING('Manual Adjustments'!K81,0.25),MROUND('Manual Adjustments'!K81,0.25)) -> 0 | I98: =IF('Manual Adjustments'!L81<0.25,CEILING('Manual Adjustments'!L81,0.25),MROUND('Manual Adjustments'!L81,0.25)) -> 0 | J98: =IF('Manual Adjustments'!M81<0.25,CEILING('Manual Adjustments'!M81,0.25),MROUND('Manual Adjustments'!M81,0.25)) -> #N/A | K98: =IF('Manual Adjustments'!N81<0.25,CEILING('Manual Adjustments'!N81,0.25),MROUND('Manual Adjustments'!N81,0.25)) -> #N/A | L98: =IF('Manual Adjustments'!O81<0.25,CEILING('Manual Adjustments'!O81,0.25),MROUND('Manual Adjustments'!O81,0.25)) -> 0
B99: ='Effective Employees'!B68 -> N/A | C99: ='Effective Employees'!F68 -> 0 | D99: ='Manual Adjustments'!G82 -> 0 | E99: =IF('Manual Adjustments'!H82<0.25,CEILING('Manual Adjustments'!H82,0.25),MROUND('Manual Adjustments'!H82,0.25)) -> 0 | F99: =IF('Manual Adjustments'!I82<0.25,CEILING('Manual Adjustments'!I82,0.25),MROUND('Manual Adjustments'!I82,0.25)) -> 0 | G99: =IF('Manual Adjustments'!J82<0.25,CEILING('Manual Adjustments'!J82,0.25),MROUND('Manual Adjustments'!J82,0.25)) -> #N/A | H99: =IF('Manual Adjustments'!K82<0.25,CEILING('Manual Adjustments'!K82,0.25),MROUND('Manual Adjustments'!K82,0.25)) -> 0 | I99: =IF('Manual Adjustments'!L82<0.25,CEILING('Manual Adjustments'!L82,0.25),MROUND('Manual Adjustments'!L82,0.25)) -> 0 | J99: =IF('Manual Adjustments'!M82<0.25,CEILING('Manual Adjustments'!M82,0.25),MROUND('Manual Adjustments'!M82,0.25)) -> #N/A | K99: =IF('Manual Adjustments'!N82<0.25,CEILING('Manual Adjustments'!N82,0.25),MROUND('Manual Adjustments'!N82,0.25)) -> #N/A | L99: =IF('Manual Adjustments'!O82<0.25,CEILING('Manual Adjustments'!O82,0.25),MROUND('Manual Adjustments'!O82,0.25)) -> 0
B100: ='Effective Employees'!B69 -> N/A | C100: ='Effective Employees'!F69 -> 0 | D100: ='Manual Adjustments'!G83 -> 0 | E100: =IF('Manual Adjustments'!H83<0.25,CEILING('Manual Adjustments'!H83,0.25),MROUND('Manual Adjustments'!H83,0.25)) -> 0 | F100: =IF('Manual Adjustments'!I83<0.25,CEILING('Manual Adjustments'!I83,0.25),MROUND('Manual Adjustments'!I83,0.25)) -> 0 | G100: =IF('Manual Adjustments'!J83<0.25,CEILING('Manual Adjustments'!J83,0.25),MROUND('Manual Adjustments'!J83,0.25)) -> #N/A | H100: =IF('Manual Adjustments'!K83<0.25,CEILING('Manual Adjustments'!K83,0.25),MROUND('Manual Adjustments'!K83,0.25)) -> 0 | I100: =IF('Manual Adjustments'!L83<0.25,CEILING('Manual Adjustments'!L83,0.25),MROUND('Manual Adjustments'!L83,0.25)) -> 0 | J100: =IF('Manual Adjustments'!M83<0.25,CEILING('Manual Adjustments'!M83,0.25),MROUND('Manual Adjustments'!M83,0.25)) -> #N/A | K100: =IF('Manual Adjustments'!N83<0.25,CEILING('Manual Adjustments'!N83,0.25),MROUND('Manual Adjustments'!N83,0.25)) -> #N/A | L100: =IF('Manual Adjustments'!O83<0.25,CEILING('Manual Adjustments'!O83,0.25),MROUND('Manual Adjustments'!O83,0.25)) -> 0
B101: ='Client Info'!B83 -> 0
B102: ='Effective Employees'!B70 -> N/A | C102: ='Effective Employees'!F70 -> 0 | D102: ='Manual Adjustments'!G84 -> 0 | E102: =IF('Manual Adjustments'!H84<0.25,CEILING('Manual Adjustments'!H84,0.25),MROUND('Manual Adjustments'!H84,0.25)) -> 0 | F102: =IF('Manual Adjustments'!I84<0.25,CEILING('Manual Adjustments'!I84,0.25),MROUND('Manual Adjustments'!I84,0.25)) -> 0 | G102: =IF('Manual Adjustments'!J84<0.25,CEILING('Manual Adjustments'!J84,0.25),MROUND('Manual Adjustments'!J84,0.25)) -> #N/A | H102: =IF('Manual Adjustments'!K84<0.25,CEILING('Manual Adjustments'!K84,0.25),MROUND('Manual Adjustments'!K84,0.25)) -> 0 | I102: =IF('Manual Adjustments'!L84<0.25,CEILING('Manual Adjustments'!L84,0.25),MROUND('Manual Adjustments'!L84,0.25)) -> 0 | J102: =IF('Manual Adjustments'!M84<0.25,CEILING('Manual Adjustments'!M84,0.25),MROUND('Manual Adjustments'!M84,0.25)) -> #N/A | K102: =IF('Manual Adjustments'!N84<0.25,CEILING('Manual Adjustments'!N84,0.25),MROUND('Manual Adjustments'!N84,0.25)) -> #N/A | L102: =IF('Manual Adjustments'!O84<0.25,CEILING('Manual Adjustments'!O84,0.25),MROUND('Manual Adjustments'!O84,0.25)) -> 0
B103: ='Effective Employees'!B71 -> N/A | C103: ='Effective Employees'!F71 -> 0 | D103: ='Manual Adjustments'!G85 -> 0 | E103: =IF('Manual Adjustments'!H85<0.25,CEILING('Manual Adjustments'!H85,0.25),MROUND('Manual Adjustments'!H85,0.25)) -> 0 | F103: =IF('Manual Adjustments'!I85<0.25,CEILING('Manual Adjustments'!I85,0.25),MROUND('Manual Adjustments'!I85,0.25)) -> 0 | G103: =IF('Manual Adjustments'!J85<0.25,CEILING('Manual Adjustments'!J85,0.25),MROUND('Manual Adjustments'!J85,0.25)) -> #N/A | H103: =IF('Manual Adjustments'!K85<0.25,CEILING('Manual Adjustments'!K85,0.25),MROUND('Manual Adjustments'!K85,0.25)) -> 0 | I103: =IF('Manual Adjustments'!L85<0.25,CEILING('Manual Adjustments'!L85,0.25),MROUND('Manual Adjustments'!L85,0.25)) -> 0 | J103: =IF('Manual Adjustments'!M85<0.25,CEILING('Manual Adjustments'!M85,0.25),MROUND('Manual Adjustments'!M85,0.25)) -> #N/A | K103: =IF('Manual Adjustments'!N85<0.25,CEILING('Manual Adjustments'!N85,0.25),MROUND('Manual Adjustments'!N85,0.25)) -> #N/A | L103: =IF('Manual Adjustments'!O85<0.25,CEILING('Manual Adjustments'!O85,0.25),MROUND('Manual Adjustments'!O85,0.25)) -> 0
B104: ='Effective Employees'!B72 -> N/A | C104: ='Effective Employees'!F72 -> 0 | D104: ='Manual Adjustments'!G86 -> 0 | E104: =IF('Manual Adjustments'!H86<0.25,CEILING('Manual Adjustments'!H86,0.25),MROUND('Manual Adjustments'!H86,0.25)) -> 0 | F104: =IF('Manual Adjustments'!I86<0.25,CEILING('Manual Adjustments'!I86,0.25),MROUND('Manual Adjustments'!I86,0.25)) -> 0 | G104: =IF('Manual Adjustments'!J86<0.25,CEILING('Manual Adjustments'!J86,0.25),MROUND('Manual Adjustments'!J86,0.25)) -> #N/A | H104: =IF('Manual Adjustments'!K86<0.25,CEILING('Manual Adjustments'!K86,0.25),MROUND('Manual Adjustments'!K86,0.25)) -> 0 | I104: =IF('Manual Adjustments'!L86<0.25,CEILING('Manual Adjustments'!L86,0.25),MROUND('Manual Adjustments'!L86,0.25)) -> 0 | J104: =IF('Manual Adjustments'!M86<0.25,CEILING('Manual Adjustments'!M86,0.25),MROUND('Manual Adjustments'!M86,0.25)) -> #N/A | K104: =IF('Manual Adjustments'!N86<0.25,CEILING('Manual Adjustments'!N86,0.25),MROUND('Manual Adjustments'!N86,0.25)) -> #N/A | L104: =IF('Manual Adjustments'!O86<0.25,CEILING('Manual Adjustments'!O86,0.25),MROUND('Manual Adjustments'!O86,0.25)) -> 0
B105: ='Client Info'!B84 -> 0
...

Sheet Integrated Reduction
B1: Integrated Reduction
B2: Audit Reduction for Integrated Products
B4: Integrated Products: | C4: =IF(Overview!C13="Yes",Overview!B13,"") | D4: =IF(Overview!C14="Yes",Overview!B14,"") | E4: =IF(Overview!C15="Yes",Overview!B15,"") | H4: Return to Overview
B7: Characterisations that have been Considered for Reduction (as per MD 11, Annex 1):
B8: An integrated documentation set, including work instructions to a good level of development, as appropriate | E8: Yes | F8: Based on what is applicable, the Level of Integration will need to be adjusted accordingly. For more information see 'Level of Integration Percentage Remarks' below
B9: Management Reviews that consider the overall business strategy and plan | E9: Yes
B10: An integrated approach to internal audits | E10: Yes
B11: An integrated approach to policy and objectives | E11: Yes
B12: An integrated approach to systems processes | E12: Yes
B13: An integrated approach to improvement mechanisms (corrective and preventive action, measurement and continual improvement) | E13: Yes
B14: Integrated management support and responsibilities | E14: Yes
B16: Reduction Percent Calculation
B18: Level of Integration Percentage: | C18: =IF(OR(Overview!C13="Yes",Overview!C14="Yes",Overview!C14="Yes"),COUNTIF(E8:E14,"Yes")/7*100,"")
B20: Level of Integration Percentage Remarks: | C20: =IF((AND(C18<=100,C18>80)),B46,(IF((AND(C18<80,C18>60)),B47,(IF((AND(C18<60,C18>40)),B48,(IF((AND(C18<40,C18>20)),B49,B50))))))) -> The Management Systems are not integrated
B24: Team's Ability to Perform Integrated Audit: | C24: 100 | G24: Note:
B26: Ability to Perform Integrated Audit Remarks: | C26: =IF(C24=100,M46,IF(OR(C24=80,C24=60,C24=40),M47,M48)) -> Each team member is qualified for all products | G26: In most cases the Audit team cannot be defined beforehand; therefore users should select 80% or, in case they know that the audit team can perform an integrated audit, to select 100%
G28: It is strongly advised not to use a reduction percent greater than 10% so as not to complicate the planning process.
B29: Reduction Percent: | C29: =IF(C18="","",IF(AND(C18<>"",C24=""),"Select applicable % for both fields",-(IF(AND(C18<=100,C18>80,C24=100),20,IF(AND(C18<=100,C18>80,C24=80),15,IF(AND(C18<=80,C18>60,C24=100),15,IF(AND(C18<=80,C18>60,C24=80),15,IF(AND(C18<=100,C18>80,C24=60),10,IF(AND(C18<=80,C18>60,C24=60),10,IF(AND(C18<=60,C18>40,C24=60),10,IF(AND(C18<=60,C18>40,C24=80),10,IF(AND(C18<=60,C18>40,C24=100),10,IF(AND(C18<=100,C18>80,C24=40),5,IF(AND(C18<=80,C18>60,C24=40),5,IF(AND(C18<=60,C18>40,C24=40),5,IF(AND(C18<=40,C18>20,C24=40),5,IF(AND(C18<=40,C18>20,C24=60),5,IF(AND(C18<=40,C18>20,C24=80),5,IF(AND(C18<=40,C18>20,C24=100),5,IF(OR(C18<=20,C24="from 0 to 20"),0,N42)))))))))))))))))))) | E29: %
A35: Hidden Cells
A37: Level of Integration Percentage | C37: Integration Factor / Reduction | M37: Ability to Perform Integrated Audit | R37: Characterisations have been Considered for Reduction
A38: 100 | B38: Full | C38: 0.8 | M38: 100 | R38: Yes
A39: 80 | B39: Medium | C39: 0.85 | M39: 80 | R39: No
A40: 60 | B40: Low | C40: 0.9 | M40: 60
A41: 40 | B41: Limited | C41: 0.95 | M41: 40
A42: from 0 to 20 | B42: No integration | C42: 1 | M42: from 0 to 20 | N42: No integration
M43: 0
B45: Level of Integration Percentage Remarks: | M45: Ability to Perform Integrated Audit Remarks:
B46: The management systems are fully integrated (Top management procedures and processes, such as Policy, Manual or Management Review, at least 80% of the Management Procedures and Processes such as Document Control, Records, Internal Audits, Corrective Actions, Risk Analysis, etc, plus at least 80% of the Operational Processes and procedures such as Production Control, Purchasing, Monitoring (e.g.: Procedure for operational control also covers Environmental and Health & Safety aspects related to the activity) etc are integrated) | M46: Each team member is qualified for all products
B47: The management systems have a medium level of integration (Top management procedures and processes, such as Policy, Manual or Management Review plus at least 80% of the Management Procedures and Processes such as Document Control, Records, Internal Audits, Corrective Actions, Risk Analysis, etc, are integrated) | M47: The audit team is partially qualified for the applicable products
B48: The management systems have a low level of integration (Top management procedures and processes, such as Policy, Manual or Management Review plus at least 50% of the Management Procedures and Processes such as Document Control, Records, Internal Audits, Corrective Actions, Risk Analysis, etc, are integrated) | M48: The audit team cannot conduct combined audits for Standards
B49: The management systems have a limited level of integration (Only top management procedures and processes, such as Policy, Manual or Management Review are integrated)
B50: The Management Systems are not integrated
A52: Reduction Percent
A53: 20
A54: 15
A55: 10
A56: 5
A57: 0

Sheet Effective Employees
B1: Effective Number of Personnel (ENP) / Effective Employees
B2: Product Name: | C2: =IF('Client Info'!$C$26="Yes","ISO 9001","--") -> -- | D2: =IF('Client Info'!$C$27="Yes","ISO 14001","--") -> -- | E2: =IF('Client Info'!$C$28="Yes","ISO 45001","--") -> --
B3: See MD1, MD5 and MD22 for definitions etc.; for further information on determining ENP pls see | H3: Quotation Guidance | I3: Effective Employees - Guidance
B5: Product Name | C5: Site | D5: Total Head Count (client input) | E5: Total No of FTE * enter the total number of employees | F5: Total Effective No of Emp (Effective Number of Personnel - ENP) * including contractors personnel working on the site, where applicable (see Notes on the right) | G5: Reduction Percentage | H5: Remarks | I5: Consider also the below:
H6: For your easy reference, select from/copy the below (ref. MD5/Clause 2.3): | I6: - Personnel working on shifts
H7: No Staff Reduction | I7: - Administrative and all categories of office staff
H8: Part time personnel and/or employees partially in scope | I8: - Employment of large numbers of unskilled personnel
H9: Similar or repetitive process within scope | I9: - Low Complexity/Risk Activities
H10: Shift work employees | I10: - Seasonal operations
H11: Temporary unskilled personnel | I11: → calculate based on the personnel typically present in
I12: peak season operations
B13: =IF('Client Info'!$D$64="Yes",'Client Info'!$D$61,"N/A") -> N/A | C13: =IF('Client Info'!F54="Yes","Main site excluded from Calculation",IF(B13="ISO 9001",'Client Info'!$B$64,"N/A")) -> N/A | I13: {=IFERROR(_xlfn.IFS(AND(B13<>"",B13<>"N/A",D13=""),"Please enter Total Head Count, since it cannot be left blank",AND(B13<>"",B13<>"N/A",F13=""),"Please enter ENP, since it cannot be left blank"),"")}
B14: =IF('Client Info'!$E$64="Yes",'Client Info'!$E$61,"N/A") -> N/A | C14: =IF('Client Info'!F54="Yes","Main site excluded from Calculation",IF(B14="ISO 14001",'Client Info'!$B$64,"N/A")) -> N/A | I14: {=IFERROR(_xlfn.IFS(AND(B14<>"",B14<>"N/A",D14=""),"Please enter Total Head Count , since it cannot be left blank",AND(B14<>"",B14<>"N/A",F14=""),"Please enter ENP, since it cannot be left blank"),"")}
B15: =IF('Client Info'!$F$64="Yes",'Client Info'!$F$61,"N/A") -> N/A | C15: =IF('Client Info'!F54="Yes","Main site excluded from Calculation",IF(B15="ISO 45001",'Client Info'!$B$64,"N/A")) -> N/A | I15: {=IFERROR(_xlfn.IFS(AND(B15<>"",B15<>"N/A",D15=""),"Please enter Total Head Count, since it cannot be left blank",AND(B15<>"",B15<>"N/A",F15=""),"Please enter ENP, since it cannot be left blank"),"")}
B16: =IF('Client Info'!$D$65="Yes",'Client Info'!$D$61,"N/A") -> N/A | C16: =IF(B16="ISO 9001",'Client Info'!$B$65,"N/A") -> N/A | G16: =IF(C16="N/A","",IFERROR(((D16-F16)/D16),0)) | I16: {=IFERROR(_xlfn.IFS(AND(B16<>"",B16<>"N/A",D16=""),"Please enter Total Head Count, since it cannot be left blank",AND(B16<>"",B16<>"N/A",F16=""),"Please enter ENP, since it cannot be left blank"),"")}
B17: =IF('Client Info'!$E$65="Yes",'Client Info'!$E$61,"N/A") -> N/A | C17: =IF(B17="ISO 14001",'Client Info'!$B$65,"N/A") -> N/A | G17: =IF(C17="N/A","",IFERROR(((D17-F17)/D17),0)) | I17: {=IFERROR(_xlfn.IFS(AND(B17<>"",B17<>"N/A",D17=""),"Please enter Total Head Count , since it cannot be left blank",AND(B17<>"",B17<>"N/A",F17=""),"Please enter ENP, since it cannot be left blank"),"")}
B18: =IF('Client Info'!$F$65="Yes",'Client Info'!$F$61,"N/A") -> N/A | C18: =IF(B18="ISO 45001",'Client Info'!$B$65,"N/A") -> N/A | G18: =IF(C18="N/A","",IFERROR(((D18-F18)/D18),0)) | I18: {=IFERROR(_xlfn.IFS(AND(B18<>"",B18<>"N/A",D18=""),"Please enter Total Head Count, since it cannot be left blank",AND(B18<>"",B18<>"N/A",F18=""),"Please enter ENP, since it cannot be left blank"),"")}
B19: =IF('Client Info'!$D$66="Yes",'Client Info'!$D$61,"N/A") -> N/A | C19: =IF(B19="ISO 9001",'Client Info'!$B$66,"N/A") -> N/A | G19: =IF(C19="N/A","",IFERROR(((D19-F19)/D19),0)) | I19: {=IFERROR(_xlfn.IFS(AND(B19<>"",B19<>"N/A",D19=""),"Please enter Total Head Count, since it cannot be left blank",AND(B19<>"",B19<>"N/A",F19=""),"Please enter ENP, since it cannot be left blank"),"")}
B20: =IF('Client Info'!$E$66="Yes",'Client Info'!$E$61,"N/A") -> N/A | C20: =IF(B20="ISO 14001",'Client Info'!$B$66,"N/A") -> N/A | G20: =IF(C20="N/A","",IFERROR(((D20-F20)/D20),0)) | I20: {=IFERROR(_xlfn.IFS(AND(B20<>"",B20<>"N/A",D20=""),"Please enter Total Head Count , since it cannot be left blank",AND(B20<>"",B20<>"N/A",F20=""),"Please enter ENP, since it cannot be left blank"),"")}
B21: =IF('Client Info'!$F$66="Yes",'Client Info'!$F$61,"N/A") -> N/A | C21: =IF(B21="ISO 45001",'Client Info'!$B$66,"N/A") -> N/A | G21: =IF(C21="N/A","",IFERROR(((D21-F21)/D21),0)) | I21: {=IFERROR(_xlfn.IFS(AND(B21<>"",B21<>"N/A",D21=""),"Please enter Total Head Count, since it cannot be left blank",AND(B21<>"",B21<>"N/A",F21=""),"Please enter ENP, since it cannot be left blank"),"")}
B22: =IF('Client Info'!$D$67="Yes",'Client Info'!$D$61,"N/A") -> N/A | C22: =IF(B22="ISO 9001",'Client Info'!$B$67,"N/A") -> N/A | G22: =IF(C22="N/A","",IFERROR(((D22-F22)/D22),0)) | I22: {=IFERROR(_xlfn.IFS(AND(B22<>"",B22<>"N/A",D22=""),"Please enter Total Head Count, since it cannot be left blank",AND(B22<>"",B22<>"N/A",F22=""),"Please enter ENP, since it cannot be left blank"),"")}
B23: =IF('Client Info'!$E$67="Yes",'Client Info'!$E$61,"N/A") -> N/A | C23: =IF(B23="ISO 14001",'Client Info'!$B$67,"N/A") -> N/A | G23: =IF(C23="N/A","",IFERROR(((D23-F23)/D23),0)) | I23: {=IFERROR(_xlfn.IFS(AND(B23<>"",B23<>"N/A",D23=""),"Please enter Total Head Count , since it cannot be left blank",AND(B23<>"",B23<>"N/A",F23=""),"Please enter ENP, since it cannot be left blank"),"")}
B24: =IF('Client Info'!$F$67="Yes",'Client Info'!$F$61,"N/A") -> N/A | C24: =IF(B24="ISO 45001",'Client Info'!$B$67,"N/A") -> N/A | G24: =IF(C24="N/A","",IFERROR(((D24-F24)/D24),0)) | I24: {=IFERROR(_xlfn.IFS(AND(B24<>"",B24<>"N/A",D24=""),"Please enter Total Head Count, since it cannot be left blank",AND(B24<>"",B24<>"N/A",F24=""),"Please enter ENP, since it cannot be left blank"),"")}
B25: =IF('Client Info'!$D$68="Yes",'Client Info'!$D$61,"N/A") -> N/A | C25: =IF(B25="ISO 9001",'Client Info'!$B$68,"N/A") -> N/A | G25: =IF(C25="N/A","",IFERROR(((D25-F25)/D25),0)) | I25: {=IFERROR(_xlfn.IFS(AND(B25<>"",B25<>"N/A",D25=""),"Please enter Total Head Count, since it cannot be left blank",AND(B25<>"",B25<>"N/A",F25=""),"Please enter ENP, since it cannot be left blank"),"")}
B26: =IF('Client Info'!$E$68="Yes",'Client Info'!$E$61,"N/A") -> N/A | C26: =IF(B26="ISO 14001",'Client Info'!$B$68,"N/A") -> N/A | G26: =IF(C26="N/A","",IFERROR(((D26-F26)/D26),0)) | I26: {=IFERROR(_xlfn.IFS(AND(B26<>"",B26<>"N/A",D26=""),"Please enter Total Head Count , since it cannot be left blank",AND(B26<>"",B26<>"N/A",F26=""),"Please enter ENP, since it cannot be left blank"),"")}
B27: =IF('Client Info'!$F$68="Yes",'Client Info'!$F$61,"N/A") -> N/A | C27: =IF(B27="ISO 45001",'Client Info'!$B$68,"N/A") -> N/A | G27: =IF(C27="N/A","",IFERROR(((D27-F27)/D27),0)) | I27: {=IFERROR(_xlfn.IFS(AND(B27<>"",B27<>"N/A",D27=""),"Please enter Total Head Count, since it cannot be left blank",AND(B27<>"",B27<>"N/A",F27=""),"Please enter ENP, since it cannot be left blank"),"")}
B28: =IF('Client Info'!$D$69="Yes",'Client Info'!$D$61,"N/A") -> N/A | C28: =IF(B28="ISO 9001",'Client Info'!$B$69,"N/A") -> N/A | G28: =IF(C28="N/A","",IFERROR(((D28-F28)/D28),0)) | I28: {=IFERROR(_xlfn.IFS(AND(B28<>"",B28<>"N/A",D28=""),"Please enter Total Head Count, since it cannot be left blank",AND(B28<>"",B28<>"N/A",F28=""),"Please enter ENP, since it cannot be left blank"),"")}
B29: =IF('Client Info'!$E$69="Yes",'Client Info'!$E$61,"N/A") -> N/A | C29: =IF(B29="ISO 14001",'Client Info'!$B$69,"N/A") -> N/A | G29: =IF(C29="N/A","",IFERROR(((D29-F29)/D29),0)) | I29: {=IFERROR(_xlfn.IFS(AND(B29<>"",B29<>"N/A",D29=""),"Please enter Total Head Count , since it cannot be left blank",AND(B29<>"",B29<>"N/A",F29=""),"Please enter ENP, since it cannot be left blank"),"")}
B30: =IF('Client Info'!$F$69="Yes",'Client Info'!$F$61,"N/A") -> N/A | C30: =IF(B30="ISO 45001",'Client Info'!$B$69,"N/A") -> N/A | G30: =IF(C30="N/A","",IFERROR(((D30-F30)/D30),0)) | I30: {=IFERROR(_xlfn.IFS(AND(B30<>"",B30<>"N/A",D30=""),"Please enter Total Head Count, since it cannot be left blank",AND(B30<>"",B30<>"N/A",F30=""),"Please enter ENP, since it cannot be left blank"),"")}
B31: =IF('Client Info'!$D$70="Yes",'Client Info'!$D$61,"N/A") -> N/A | C31: =IF(B31="ISO 9001",'Client Info'!$B$70,"N/A") -> N/A | G31: =IF(C31="N/A","",IFERROR(((D31-F31)/D31),0)) | I31: {=IFERROR(_xlfn.IFS(AND(B31<>"",B31<>"N/A",D31=""),"Please enter Total Head Count, since it cannot be left blank",AND(B31<>"",B31<>"N/A",F31=""),"Please enter ENP, since it cannot be left blank"),"")}
B32: =IF('Client Info'!$E$70="Yes",'Client Info'!$E$61,"N/A") -> N/A | C32: =IF(B32="ISO 14001",'Client Info'!$B$70,"N/A") -> N/A | G32: =IF(C32="N/A","",IFERROR(((D32-F32)/D32),0)) | I32: {=IFERROR(_xlfn.IFS(AND(B32<>"",B32<>"N/A",D32=""),"Please enter Total Head Count , since it cannot be left blank",AND(B32<>"",B32<>"N/A",F32=""),"Please enter ENP, since it cannot be left blank"),"")}
B33: =IF('Client Info'!$F$70="Yes",'Client Info'!$F$61,"N/A") -> N/A | C33: =IF(B33="ISO 45001",'Client Info'!$B$70,"N/A") -> N/A | I33: {=IFERROR(_xlfn.IFS(AND(B33<>"",B33<>"N/A",D33=""),"Please enter Total Head Count, since it cannot be left blank",AND(B33<>"",B33<>"N/A",F33=""),"Please enter ENP, since it cannot be left blank"),"")}
B34: =IF('Client Info'!$D$71="Yes",'Client Info'!$D$61,"N/A") -> N/A | C34: =IF(B34="ISO 9001",'Client Info'!$B$71,"N/A") -> N/A | I34: {=IFERROR(_xlfn.IFS(AND(B34<>"",B34<>"N/A",D34=""),"Please enter Total Head Count, since it cannot be left blank",AND(B34<>"",B34<>"N/A",F34=""),"Please enter ENP, since it cannot be left blank"),"")}
B35: =IF('Client Info'!$E$71="Yes",'Client Info'!$E$61,"N/A") -> N/A | C35: =IF(B35="ISO 14001",'Client Info'!$B$71,"N/A") -> N/A | I35: {=IFERROR(_xlfn.IFS(AND(B35<>"",B35<>"N/A",D35=""),"Please enter Total Head Count , since it cannot be left blank",AND(B35<>"",B35<>"N/A",F35=""),"Please enter ENP, since it cannot be left blank"),"")}
B36: =IF('Client Info'!$F$71="Yes",'Client Info'!$F$61,"N/A") -> N/A | C36: =IF(B36="ISO 45001",'Client Info'!$B$71,"N/A") -> N/A | I36: {=IFERROR(_xlfn.IFS(AND(B36<>"",B36<>"N/A",D36=""),"Please enter Total Head Count, since it cannot be left blank",AND(B36<>"",B36<>"N/A",F36=""),"Please enter ENP, since it cannot be left blank"),"")}
B37: =IF('Client Info'!$D$72="Yes",'Client Info'!$D$61,"N/A") -> N/A | C37: =IF(B37="ISO 9001",'Client Info'!$B$72,"N/A") -> N/A | I37: {=IFERROR(_xlfn.IFS(AND(B37<>"",B37<>"N/A",D37=""),"Please enter Total Head Count, since it cannot be left blank",AND(B37<>"",B37<>"N/A",F37=""),"Please enter ENP, since it cannot be left blank"),"")}
B38: =IF('Client Info'!$E$72="Yes",'Client Info'!$E$61,"N/A") -> N/A | C38: =IF(B38="ISO 14001",'Client Info'!$B$72,"N/A") -> N/A | I38: {=IFERROR(_xlfn.IFS(AND(B38<>"",B38<>"N/A",D38=""),"Please enter Total Head Count , since it cannot be left blank",AND(B38<>"",B38<>"N/A",F38=""),"Please enter ENP, since it cannot be left blank"),"")}
B39: =IF('Client Info'!$F$72="Yes",'Client Info'!$F$61,"N/A") -> N/A | C39: =IF(B39="ISO 45001",'Client Info'!$B$72,"N/A") -> N/A | I39: {=IFERROR(_xlfn.IFS(AND(B39<>"",B39<>"N/A",D39=""),"Please enter Total Head Count, since it cannot be left blank",AND(B39<>"",B39<>"N/A",F39=""),"Please enter ENP, since it cannot be left blank"),"")}
B40: =IF('Client Info'!$D$73="Yes",'Client Info'!$D$61,"N/A") -> N/A | C40: =IF(B40="ISO 9001",'Client Info'!$B$73,"N/A") -> N/A | I40: {=IFERROR(_xlfn.IFS(AND(B40<>"",B40<>"N/A",D40=""),"Please enter Total Head Count, since it cannot be left blank",AND(B40<>"",B40<>"N/A",F40=""),"Please enter ENP, since it cannot be left blank"),"")}
B41: =IF('Client Info'!$E$73="Yes",'Client Info'!$E$61,"N/A") -> N/A | C41: =IF(B41="ISO 14001",'Client Info'!$B$73,"N/A") -> N/A | I41: {=IFERROR(_xlfn.IFS(AND(B41<>"",B41<>"N/A",D41=""),"Please enter Total Head Count , since it cannot be left blank",AND(B41<>"",B41<>"N/A",F41=""),"Please enter ENP, since it cannot be left blank"),"")}
B42: =IF('Client Info'!$F$73="Yes",'Client Info'!$F$61,"N/A") -> N/A | C42: =IF(B42="ISO 45001",'Client Info'!$B$73,"N/A") -> N/A | I42: {=IFERROR(_xlfn.IFS(AND(B42<>"",B42<>"N/A",D42=""),"Please enter Total Head Count, since it cannot be left blank",AND(B42<>"",B42<>"N/A",F42=""),"Please enter ENP, since it cannot be left blank"),"")}
B43: =IF('Client Info'!$D$74="Yes",'Client Info'!$D$61,"N/A") -> N/A | C43: =IF(B43="ISO 9001",'Client Info'!$B$74,"N/A") -> N/A | I43: {=IFERROR(_xlfn.IFS(AND(B43<>"",B43<>"N/A",D43=""),"Please enter Total Head Count, since it cannot be left blank",AND(B43<>"",B43<>"N/A",F43=""),"Please enter ENP, since it cannot be left blank"),"")}
B44: =IF('Client Info'!$E$74="Yes",'Client Info'!$E$61,"N/A") -> N/A | C44: =IF(B44="ISO 14001",'Client Info'!$B$74,"N/A") -> N/A | I44: {=IFERROR(_xlfn.IFS(AND(B44<>"",B44<>"N/A",D44=""),"Please enter Total Head Count , since it cannot be left blank",AND(B44<>"",B44<>"N/A",F44=""),"Please enter ENP, since it cannot be left blank"),"")}
B45: =IF('Client Info'!$F$74="Yes",'Client Info'!$F$61,"N/A") -> N/A | C45: =IF(B45="ISO 45001",'Client Info'!$B$74,"N/A") -> N/A | I45: {=IFERROR(_xlfn.IFS(AND(B45<>"",B45<>"N/A",D45=""),"Please enter Total Head Count, since it cannot be left blank",AND(B45<>"",B45<>"N/A",F45=""),"Please enter ENP, since it cannot be left blank"),"")}
B46: =IF('Client Info'!$D$75="Yes",'Client Info'!$D$61,"N/A") -> N/A | C46: =IF(B46="ISO 9001",'Client Info'!$B$75,"N/A") -> N/A | I46: {=IFERROR(_xlfn.IFS(AND(B46<>"",B46<>"N/A",D46=""),"Please enter Total Head Count, since it cannot be left blank",AND(B46<>"",B46<>"N/A",F46=""),"Please enter ENP, since it cannot be left blank"),"")}
B47: =IF('Client Info'!$E$75="Yes",'Client Info'!$E$61,"N/A") -> N/A | C47: =IF(B47="ISO 14001",'Client Info'!$B$75,"N/A") -> N/A | I47: {=IFERROR(_xlfn.IFS(AND(B47<>"",B47<>"N/A",D47=""),"Please enter Total Head Count , since it cannot be left blank",AND(B47<>"",B47<>"N/A",F47=""),"Please enter ENP, since it cannot be left blank"),"")}
B48: =IF('Client Info'!$F$75="Yes",'Client Info'!$F$61,"N/A") -> N/A | C48: =IF(B48="ISO 45001",'Client Info'!$B$75,"N/A") -> N/A | I48: {=IFERROR(_xlfn.IFS(AND(B48<>"",B48<>"N/A",D48=""),"Please enter Total Head Count, since it cannot be left blank",AND(B48<>"",B48<>"N/A",F48=""),"Please enter ENP, since it cannot be left blank"),"")}
B49: =IF('Client Info'!$D$76="Yes",'Client Info'!$D$61,"N/A") -> N/A | C49: =IF(B49="ISO 9001",'Client Info'!$B$76,"N/A") -> N/A | I49: {=IFERROR(_xlfn.IFS(AND(B49<>"",B49<>"N/A",D49=""),"Please enter Total Head Count, since it cannot be left blank",AND(B49<>"",B49<>"N/A",F49=""),"Please enter ENP, since it cannot be left blank"),"")}
B50: =IF('Client Info'!$E$76="Yes",'Client Info'!$E$61,"N/A") -> N/A | C50: =IF(B50="ISO 14001",'Client Info'!$B$76,"N/A") -> N/A | I50: {=IFERROR(_xlfn.IFS(AND(B50<>"",B50<>"N/A",D50=""),"Please enter Total Head Count , since it cannot be left blank",AND(B50<>"",B50<>"N/A",F50=""),"Please enter ENP, since it cannot be left blank"),"")}
B51: =IF('Client Info'!$F$76="Yes",'Client Info'!$F$61,"N/A") -> N/A | C51: =IF(B51="ISO 45001",'Client Info'!$B$76,"N/A") -> N/A | I51: {=IFERROR(_xlfn.IFS(AND(B51<>"",B51<>"N/A",D51=""),"Please enter Total Head Count, since it cannot be left blank",AND(B51<>"",B51<>"N/A",F51=""),"Please enter ENP, since it cannot be left blank"),"")}
B52: =IF('Client Info'!$D$77="Yes",'Client Info'!$D$61,"N/A") -> N/A | C52: =IF(B52="ISO 9001",'Client Info'!$B$77,"N/A") -> N/A | I52: {=IFERROR(_xlfn.IFS(AND(B52<>"",B52<>"N/A",D52=""),"Please enter Total Head Count, since it cannot be left blank",AND(B52<>"",B52<>"N/A",F52=""),"Please enter ENP, since it cannot be left blank"),"")}
B53: =IF('Client Info'!$E$77="Yes",'Client Info'!$E$61,"N/A") -> N/A | C53: =IF(B53="ISO 14001",'Client Info'!$B$77,"N/A") -> N/A | I53: {=IFERROR(_xlfn.IFS(AND(B53<>"",B53<>"N/A",D53=""),"Please enter Total Head Count , since it cannot be left blank",AND(B53<>"",B53<>"N/A",F53=""),"Please enter ENP, since it cannot be left blank"),"")}
B54: =IF('Client Info'!$F$77="Yes",'Client Info'!$F$61,"N/A") -> N/A | C54: =IF(B54="ISO 45001",'Client Info'!$B$77,"N/A") -> N/A | I54: {=IFERROR(_xlfn.IFS(AND(B54<>"",B54<>"N/A",D54=""),"Please enter Total Head Count, since it cannot be left blank",AND(B54<>"",B54<>"N/A",F54=""),"Please enter ENP, since it cannot be left blank"),"")}
B55: =IF('Client Info'!$D$78="Yes",'Client Info'!$D$61,"N/A") -> N/A | C55: =IF(B55="ISO 9001",'Client Info'!$B$78,"N/A") -> N/A | I55: {=IFERROR(_xlfn.IFS(AND(B55<>"",B55<>"N/A",D55=""),"Please enter Total Head Count, since it cannot be left blank",AND(B55<>"",B55<>"N/A",F55=""),"Please enter ENP, since it cannot be left blank"),"")}
B56: =IF('Client Info'!$E$78="Yes",'Client Info'!$E$61,"N/A") -> N/A | C56: =IF(B56="ISO 14001",'Client Info'!$B$78,"N/A") -> N/A | I56: {=IFERROR(_xlfn.IFS(AND(B56<>"",B56<>"N/A",D56=""),"Please enter Total Head Count , since it cannot be left blank",AND(B56<>"",B56<>"N/A",F56=""),"Please enter ENP, since it cannot be left blank"),"")}
B57: =IF('Client Info'!$F$78="Yes",'Client Info'!$F$61,"N/A") -> N/A | C57: =IF(B57="ISO 45001",'Client Info'!$B$78,"N/A") -> N/A | I57: {=IFERROR(_xlfn.IFS(AND(B57<>"",B57<>"N/A",D57=""),"Please enter Total Head Count, since it cannot be left blank",AND(B57<>"",B57<>"N/A",F57=""),"Please enter ENP, since it cannot be left blank"),"")}
B58: =IF('Client Info'!$D$79="Yes",'Client Info'!$D$61,"N/A") -> N/A | C58: =IF(B58="ISO 9001",'Client Info'!$B$79,"N/A") -> N/A | I58: {=IFERROR(_xlfn.IFS(AND(B58<>"",B58<>"N/A",D58=""),"Please enter Total Head Count, since it cannot be left blank",AND(B58<>"",B58<>"N/A",F58=""),"Please enter ENP, since it cannot be left blank"),"")}
B59: =IF('Client Info'!$E$79="Yes",'Client Info'!$E$61,"N/A") -> N/A | C59: =IF(B59="ISO 14001",'Client Info'!$B$79,"N/A") -> N/A | I59: {=IFERROR(_xlfn.IFS(AND(B59<>"",B59<>"N/A",D59=""),"Please enter Total Head Count , since it cannot be left blank",AND(B59<>"",B59<>"N/A",F59=""),"Please enter ENP, since it cannot be left blank"),"")}
B60: =IF('Client Info'!$F$79="Yes",'Client Info'!$F$61,"N/A") -> N/A | C60: =IF(B60="ISO 45001",'Client Info'!$B$79,"N/A") -> N/A | I60: {=IFERROR(_xlfn.IFS(AND(B60<>"",B60<>"N/A",D60=""),"Please enter Total Head Count, since it cannot be left blank",AND(B60<>"",B60<>"N/A",F60=""),"Please enter ENP, since it cannot be left blank"),"")}
B61: =IF('Client Info'!$D$80="Yes",'Client Info'!$D$61,"N/A") -> N/A | C61: =IF(B61="ISO 9001",'Client Info'!$B$80,"N/A") -> N/A | I61: {=IFERROR(_xlfn.IFS(AND(B61<>"",B61<>"N/A",D61=""),"Please enter Total Head Count, since it cannot be left blank",AND(B61<>"",B61<>"N/A",F61=""),"Please enter ENP, since it cannot be left blank"),"")}
B62: =IF('Client Info'!$E$80="Yes",'Client Info'!$E$61,"N/A") -> N/A | C62: =IF(B62="ISO 14001",'Client Info'!$B$80,"N/A") -> N/A | I62: {=IFERROR(_xlfn.IFS(AND(B62<>"",B62<>"N/A",D62=""),"Please enter Total Head Count , since it cannot be left blank",AND(B62<>"",B62<>"N/A",F62=""),"Please enter ENP, since it cannot be left blank"),"")}
B63: =IF('Client Info'!$F$80="Yes",'Client Info'!$F$61,"N/A") -> N/A | C63: =IF(B63="ISO 45001",'Client Info'!$B$80,"N/A") -> N/A | I63: {=IFERROR(_xlfn.IFS(AND(B63<>"",B63<>"N/A",D63=""),"Please enter Total Head Count, since it cannot be left blank",AND(B63<>"",B63<>"N/A",F63=""),"Please enter ENP, since it cannot be left blank"),"")}
B64: =IF('Client Info'!$D$81="Yes",'Client Info'!$D$61,"N/A") -> N/A | C64: =IF(B64="ISO 9001",'Client Info'!$B$81,"N/A") -> N/A | I64: {=IFERROR(_xlfn.IFS(AND(B64<>"",B64<>"N/A",D64=""),"Please enter Total Head Count, since it cannot be left blank",AND(B64<>"",B64<>"N/A",F64=""),"Please enter ENP, since it cannot be left blank"),"")}
B65: =IF('Client Info'!$E$81="Yes",'Client Info'!$E$61,"N/A") -> N/A | C65: =IF(B65="ISO 14001",'Client Info'!$B$81,"N/A") -> N/A | I65: {=IFERROR(_xlfn.IFS(AND(B65<>"",B65<>"N/A",D65=""),"Please enter Total Head Count , since it cannot be left blank",AND(B65<>"",B65<>"N/A",F65=""),"Please enter ENP, since it cannot be left blank"),"")}
B66: =IF('Client Info'!$F$81="Yes",'Client Info'!$F$61,"N/A") -> N/A | C66: =IF(B66="ISO 45001",'Client Info'!$B$81,"N/A") -> N/A | I66: {=IFERROR(_xlfn.IFS(AND(B66<>"",B66<>"N/A",D66=""),"Please enter Total Head Count, since it cannot be left blank",AND(B66<>"",B66<>"N/A",F66=""),"Please enter ENP, since it cannot be left blank"),"")}
B67: =IF('Client Info'!$D$82="Yes",'Client Info'!$D$61,"N/A") -> N/A | C67: =IF(B67="ISO 9001",'Client Info'!$B$82,"N/A") -> N/A | I67: {=IFERROR(_xlfn.IFS(AND(B67<>"",B67<>"N/A",D67=""),"Please enter Total Head Count, since it cannot be left blank",AND(B67<>"",B67<>"N/A",F67=""),"Please enter ENP, since it cannot be left blank"),"")}
B68: =IF('Client Info'!$E$82="Yes",'Client Info'!$E$61,"N/A") -> N/A | C68: =IF(B68="ISO 14001",'Client Info'!$B$82,"N/A") -> N/A | I68: {=IFERROR(_xlfn.IFS(AND(B68<>"",B68<>"N/A",D68=""),"Please enter Total Head Count , since it cannot be left blank",AND(B68<>"",B68<>"N/A",F68=""),"Please enter ENP, since it cannot be left blank"),"")}
B69: =IF('Client Info'!$F$82="Yes",'Client Info'!$F$61,"N/A") -> N/A | C69: =IF(B69="ISO 45001",'Client Info'!$B$82,"N/A") -> N/A | I69: {=IFERROR(_xlfn.IFS(AND(B69<>"",B69<>"N/A",D69=""),"Please enter Total Head Count, since it cannot be left blank",AND(B69<>"",B69<>"N/A",F69=""),"Please enter ENP, since it cannot be left blank"),"")}
B70: =IF('Client Info'!D83="Yes",'Client Info'!$D$61,"N/A") -> N/A | C70: =IF(B70="ISO 9001",'Client Info'!B83,"N/A") -> N/A | I70: {=IFERROR(_xlfn.IFS(AND(B70<>"",B70<>"N/A",D70=""),"Please enter Total Head Count, since it cannot be left blank",AND(B70<>"",B70<>"N/A",F70=""),"Please enter ENP, since it cannot be left blank"),"")}
B71: =IF('Client Info'!E83="Yes",'Client Info'!$E$61,"N/A") -> N/A | C71: =IF(B71="ISO 14001",'Client Info'!B83,"N/A") -> N/A | I71: {=IFERROR(_xlfn.IFS(AND(B71<>"",B71<>"N/A",D71=""),"Please enter Total Head Count , since it cannot be left blank",AND(B71<>"",B71<>"N/A",F71=""),"Please enter ENP, since it cannot be left blank"),"")}
B72: =IF('Client Info'!F83="Yes",'Client Info'!$F$61,"N/A") -> N/A | C72: =IF(B72="ISO 45001",'Client Info'!B83,"N/A") -> N/A | I72: {=IFERROR(_xlfn.IFS(AND(B72<>"",B72<>"N/A",D72=""),"Please enter Total Head Count, since it cannot be left blank",AND(B72<>"",B72<>"N/A",F72=""),"Please enter ENP, since it cannot be left blank"),"")}
B73: =IF('Client Info'!D84="Yes",'Client Info'!$D$61,"N/A") -> N/A | C73: =IF(B73="ISO 9001",'Client Info'!B84,"N/A") -> N/A | I73: {=IFERROR(_xlfn.IFS(AND(B73<>"",B73<>"N/A",D73=""),"Please enter Total Head Count, since it cannot be left blank",AND(B73<>"",B73<>"N/A",F73=""),"Please enter ENP, since it cannot be left blank"),"")}
B74: =IF('Client Info'!E84="Yes",'Client Info'!$E$61,"N/A") -> N/A | C74: =IF(B74="ISO 14001",'Client Info'!B84,"N/A") -> N/A | I74: {=IFERROR(_xlfn.IFS(AND(B74<>"",B74<>"N/A",D74=""),"Please enter Total Head Count , since it cannot be left blank",AND(B74<>"",B74<>"N/A",F74=""),"Please enter ENP, since it cannot be left blank"),"")}
B75: =IF('Client Info'!F84="Yes",'Client Info'!$F$61,"N/A") -> N/A | C75: =IF(B75="ISO 45001",'Client Info'!B84,"N/A") -> N/A | I75: {=IFERROR(_xlfn.IFS(AND(B75<>"",B75<>"N/A",D75=""),"Please enter Total Head Count, since it cannot be left blank",AND(B75<>"",B75<>"N/A",F75=""),"Please enter ENP, since it cannot be left blank"),"")}
B76: =IF('Client Info'!D85="Yes",'Client Info'!$D$61,"N/A") -> N/A | C76: =IF(B76="ISO 9001",'Client Info'!B85,"N/A") -> N/A | I76: {=IFERROR(_xlfn.IFS(AND(B76<>"",B76<>"N/A",D76=""),"Please enter Total Head Count, since it cannot be left blank",AND(B76<>"",B76<>"N/A",F76=""),"Please enter ENP, since it cannot be left blank"),"")}
B77: =IF('Client Info'!E85="Yes",'Client Info'!$E$61,"N/A") -> N/A | C77: =IF(B77="ISO 14001",'Client Info'!B85,"N/A") -> N/A | I77: {=IFERROR(_xlfn.IFS(AND(B77<>"",B77<>"N/A",D77=""),"Please enter Total Head Count , since it cannot be left blank",AND(B77<>"",B77<>"N/A",F77=""),"Please enter ENP, since it cannot be left blank"),"")}
B78: =IF('Client Info'!F85="Yes",'Client Info'!$F$61,"N/A") -> N/A | C78: =IF(B78="ISO 45001",'Client Info'!B85,"N/A") -> N/A | I78: {=IFERROR(_xlfn.IFS(AND(B78<>"",B78<>"N/A",D78=""),"Please enter Total Head Count, since it cannot be left blank",AND(B78<>"",B78<>"N/A",F78=""),"Please enter ENP, since it cannot be left blank"),"")}
B79: =IF('Client Info'!D86="Yes",'Client Info'!$D$61,"N/A") -> N/A | C79: =IF(B79="ISO 9001",'Client Info'!B86,"N/A") -> N/A | I79: {=IFERROR(_xlfn.IFS(AND(B79<>"",B79<>"N/A",D79=""),"Please enter Total Head Count, since it cannot be left blank",AND(B79<>"",B79<>"N/A",F79=""),"Please enter ENP, since it cannot be left blank"),"")}
B80: =IF('Client Info'!E86="Yes",'Client Info'!$E$61,"N/A") -> N/A | C80: =IF(B80="ISO 14001",'Client Info'!B86,"N/A") -> N/A | I80: {=IFERROR(_xlfn.IFS(AND(B80<>"",B80<>"N/A",D80=""),"Please enter Total Head Count , since it cannot be left blank",AND(B80<>"",B80<>"N/A",F80=""),"Please enter ENP, since it cannot be left blank"),"")}
B81: =IF('Client Info'!F86="Yes",'Client Info'!$F$61,"N/A") -> N/A | C81: =IF(B81="ISO 45001",'Client Info'!B86,"N/A") -> N/A | I81: {=IFERROR(_xlfn.IFS(AND(B81<>"",B81<>"N/A",D81=""),"Please enter Total Head Count, since it cannot be left blank",AND(B81<>"",B81<>"N/A",F81=""),"Please enter ENP, since it cannot be left blank"),"")}
B82: =IF('Client Info'!D87="Yes",'Client Info'!$D$61,"N/A") -> N/A | C82: =IF(B82="ISO 9001",'Client Info'!B87,"N/A") -> N/A | I82: {=IFERROR(_xlfn.IFS(AND(B82<>"",B82<>"N/A",D82=""),"Please enter Total Head Count, since it cannot be left blank",AND(B82<>"",B82<>"N/A",F82=""),"Please enter ENP, since it cannot be left blank"),"")}
B83: =IF('Client Info'!E87="Yes",'Client Info'!$E$61,"N/A") -> N/A | C83: =IF(B83="ISO 14001",'Client Info'!B87,"N/A") -> N/A | I83: {=IFERROR(_xlfn.IFS(AND(B83<>"",B83<>"N/A",D83=""),"Please enter Total Head Count , since it cannot be left blank",AND(B83<>"",B83<>"N/A",F83=""),"Please enter ENP, since it cannot be left blank"),"")}
B84: =IF('Client Info'!F87="Yes",'Client Info'!$F$61,"N/A") -> N/A | C84: =IF(B84="ISO 45001",'Client Info'!B87,"N/A") -> N/A | I84: {=IFERROR(_xlfn.IFS(AND(B84<>"",B84<>"N/A",D84=""),"Please enter Total Head Count, since it cannot be left blank",AND(B84<>"",B84<>"N/A",F84=""),"Please enter ENP, since it cannot be left blank"),"")}
B85: =IF('Client Info'!D88="Yes",'Client Info'!$D$61,"N/A") -> N/A | C85: =IF(B85="ISO 9001",'Client Info'!B88,"N/A") -> N/A | I85: {=IFERROR(_xlfn.IFS(AND(B85<>"",B85<>"N/A",D85=""),"Please enter Total Head Count, since it cannot be left blank",AND(B85<>"",B85<>"N/A",F85=""),"Please enter ENP, since it cannot be left blank"),"")}
B86: =IF('Client Info'!E88="Yes",'Client Info'!$E$61,"N/A") -> N/A | C86: =IF(B86="ISO 14001",'Client Info'!B88,"N/A") -> N/A | I86: {=IFERROR(_xlfn.IFS(AND(B86<>"",B86<>"N/A",D86=""),"Please enter Total Head Count , since it cannot be left blank",AND(B86<>"",B86<>"N/A",F86=""),"Please enter ENP, since it cannot be left blank"),"")}
B87: =IF('Client Info'!F88="Yes",'Client Info'!$F$61,"N/A") -> N/A | C87: =IF(B87="ISO 45001",'Client Info'!B88,"N/A") -> N/A | I87: {=IFERROR(_xlfn.IFS(AND(B87<>"",B87<>"N/A",D87=""),"Please enter Total Head Count, since it cannot be left blank",AND(B87<>"",B87<>"N/A",F87=""),"Please enter ENP, since it cannot be left blank"),"")}
B88: =IF('Client Info'!D89="Yes",'Client Info'!$D$61,"N/A") -> N/A | C88: =IF(B88="ISO 9001",'Client Info'!B89,"N/A") -> N/A | I88: {=IFERROR(_xlfn.IFS(AND(B88<>"",B88<>"N/A",D88=""),"Please enter Total Head Count, since it cannot be left blank",AND(B88<>"",B88<>"N/A",F88=""),"Please enter ENP, since it cannot be left blank"),"")}
B89: =IF('Client Info'!E89="Yes",'Client Info'!$E$61,"N/A") -> N/A | C89: =IF(B89="ISO 14001",'Client Info'!B89,"N/A") -> N/A | I89: {=IFERROR(_xlfn.IFS(AND(B89<>"",B89<>"N/A",D89=""),"Please enter Total Head Count , since it cannot be left blank",AND(B89<>"",B89<>"N/A",F89=""),"Please enter ENP, since it cannot be left blank"),"")}
B90: =IF('Client Info'!F89="Yes",'Client Info'!$F$61,"N/A") -> N/A | C90: =IF(B90="ISO 45001",'Client Info'!B89,"N/A") -> N/A | I90: {=IFERROR(_xlfn.IFS(AND(B90<>"",B90<>"N/A",D90=""),"Please enter Total Head Count, since it cannot be left blank",AND(B90<>"",B90<>"N/A",F90=""),"Please enter ENP, since it cannot be left blank"),"")}
B91: =IF('Client Info'!D90="Yes",'Client Info'!$D$61,"N/A") -> N/A | C91: =IF(B91="ISO 9001",'Client Info'!B90,"N/A") -> N/A | I91: {=IFERROR(_xlfn.IFS(AND(B91<>"",B91<>"N/A",D91=""),"Please enter Total Head Count, since it cannot be left blank",AND(B91<>"",B91<>"N/A",F91=""),"Please enter ENP, since it cannot be left blank"),"")}
B92: =IF('Client Info'!E90="Yes",'Client Info'!$E$61,"N/A") -> N/A | C92: =IF(B92="ISO 14001",'Client Info'!B90,"N/A") -> N/A | I92: {=IFERROR(_xlfn.IFS(AND(B92<>"",B92<>"N/A",D92=""),"Please enter Total Head Count , since it cannot be left blank",AND(B92<>"",B92<>"N/A",F92=""),"Please enter ENP, since it cannot be left blank"),"")}
B93: =IF('Client Info'!F90="Yes",'Client Info'!$F$61,"N/A") -> N/A | C93: =IF(B93="ISO 45001",'Client Info'!B90,"N/A") -> N/A | I93: {=IFERROR(_xlfn.IFS(AND(B93<>"",B93<>"N/A",D93=""),"Please enter Total Head Count, since it cannot be left blank",AND(B93<>"",B93<>"N/A",F93=""),"Please enter ENP, since it cannot be left blank"),"")}
B94: =IF('Client Info'!D91="Yes",'Client Info'!$D$61,"N/A") -> N/A | C94: =IF(B94="ISO 9001",'Client Info'!B91,"N/A") -> N/A | I94: {=IFERROR(_xlfn.IFS(AND(B94<>"",B94<>"N/A",D94=""),"Please enter Total Head Count, since it cannot be left blank",AND(B94<>"",B94<>"N/A",F94=""),"Please enter ENP, since it cannot be left blank"),"")}
B95: =IF('Client Info'!E91="Yes",'Client Info'!$E$61,"N/A") -> N/A | C95: =IF(B95="ISO 14001",'Client Info'!B91,"N/A") -> N/A | I95: {=IFERROR(_xlfn.IFS(AND(B95<>"",B95<>"N/A",D95=""),"Please enter Total Head Count , since it cannot be left blank",AND(B95<>"",B95<>"N/A",F95=""),"Please enter ENP, since it cannot be left blank"),"")}
B96: =IF('Client Info'!F91="Yes",'Client Info'!$F$61,"N/A") -> N/A | C96: =IF(B96="ISO 45001",'Client Info'!B91,"N/A") -> N/A | I96: {=IFERROR(_xlfn.IFS(AND(B96<>"",B96<>"N/A",D96=""),"Please enter Total Head Count, since it cannot be left blank",AND(B96<>"",B96<>"N/A",F96=""),"Please enter ENP, since it cannot be left blank"),"")}
B97: =IF('Client Info'!D92="Yes",'Client Info'!$D$61,"N/A") -> N/A | C97: =IF(B97="ISO 9001",'Client Info'!B92,"N/A") -> N/A | I97: {=IFERROR(_xlfn.IFS(AND(B97<>"",B97<>"N/A",D97=""),"Please enter Total Head Count, since it cannot be left blank",AND(B97<>"",B97<>"N/A",F97=""),"Please enter ENP, since it cannot be left blank"),"")}
B98: =IF('Client Info'!E92="Yes",'Client Info'!$E$61,"N/A") -> N/A | C98: =IF(B98="ISO 14001",'Client Info'!B92,"N/A") -> N/A | I98: {=IFERROR(_xlfn.IFS(AND(B98<>"",B98<>"N/A",D98=""),"Please enter Total Head Count , since it cannot be left blank",AND(B98<>"",B98<>"N/A",F98=""),"Please enter ENP, since it cannot be left blank"),"")}
B99: =IF('Client Info'!F92="Yes",'Client Info'!$F$61,"N/A") -> N/A | C99: =IF(B99="ISO 45001",'Client Info'!B92,"N/A") -> N/A | I99: {=IFERROR(_xlfn.IFS(AND(B99<>"",B99<>"N/A",D99=""),"Please enter Total Head Count, since it cannot be left blank",AND(B99<>"",B99<>"N/A",F99=""),"Please enter ENP, since it cannot be left blank"),"")}
B100: =IF('Client Info'!D93="Yes",'Client Info'!$D$61,"N/A") -> N/A | C100: =IF(B100="ISO 9001",'Client Info'!B93,"N/A") -> N/A | I100: {=IFERROR(_xlfn.IFS(AND(B100<>"",B100<>"N/A",D100=""),"Please enter Total Head Count, since it cannot be left blank",AND(B100<>"",B100<>"N/A",F100=""),"Please enter ENP, since it cannot be left blank"),"")}
B101: =IF('Client Info'!E93="Yes",'Client Info'!$E$61,"N/A") -> N/A | C101: =IF(B101="ISO 14001",'Client Info'!B93,"N/A") -> N/A | I101: {=IFERROR(_xlfn.IFS(AND(B101<>"",B101<>"N/A",D101=""),"Please enter Total Head Count , since it cannot be left blank",AND(B101<>"",B101<>"N/A",F101=""),"Please enter ENP, since it cannot be left blank"),"")}
...

Sheet Adjustment Factors
B1: Adjustment Factors
B2: Product Name: | E2: =IF('Client Info'!$C$26="Yes","ISO 9001","--") -> -- | G2: =IF('Client Info'!$C$27="Yes","ISO 14001","--") -> -- | H2: =IF('Client Info'!$C$28="Yes","ISO 45001","--") -> --
B3: See MD1, MD5 and MD22 for definitions etc.; for further information on determining ENP pls see | G3: Quotation Guidance
B5: Effective Employee Count
B6: Product Name | C6: Site | D6: Adjustment Factor | E6: Variance | F6: +/- | G6: Var % | H6: Total Reduction per Site for each Standard | L6: Remarks
H7: ISO 9001 | I7: ISO 14001 | J7: ISO 45001 | P7: ISO 9001 | Q7: ISO 14001 | R7: ISO 45001
E8: {=_xlfn.IFS(LEFT(D8,3)="[D]","Decrease",LEFT(D8,3)="[I]","Increase",D8="","")} | F8: {=IFERROR(_xlfn.IFS(E8="Decrease",-1*G8,E8="Increase",G8),0)} -> 0 | G8: =IF(E8<>"",10%,0) -> 0 | H8: =IF($H$7=B8,VLOOKUP(C8,$Z$511:$AA$612,2,FALSE),0) -> 0 | I8: =IF($I$7=B8,VLOOKUP(C8,$AO$511:$AP$612,2,FALSE),0) -> 0 | J8: =IF($J$7=B8,VLOOKUP(C8,$BB$511:$BC$612,2,FALSE),0) -> 0 | K8: {=IFERROR(_xlfn.IFS(B8&"|"&C8&"|"&D8&"|"&"Duplicate"=P8,"This factor has already been used. Please revise.",B8&"|"&C8&"|"&D8&"|"&"Duplicate"=Q8,"This factor has already been used. Please revise.",B8&"|"&C8&"|"&D8&"|"&"Duplicate"=R8,"This factor has already been used. Please revise.",(H8<-0.3),"Please check reduction percentage since no more than -30% total reduction can be applied",(I8<-0.3),"Please check reduction percentage since no more than -30% total reduction can be applied",(J8<-0.3),"Please check reduction percentage since no more than -30% total reduction can be applied",AND(D8="[D] Client is not design responsible or other standard elements in the scope",G8>15%),"If Design is not included in the scope a maximum 15% reduction can be applied; please revise."),"")} | P8: =IFERROR(VLOOKUP(B8&"|"&C8&"|"&D8&"|"&"Duplicate",$AI$408:$AJ$508,1,FALSE),"") | Q8: =IFERROR(VLOOKUP(B8&"|"&C8&"|"&D8&"|"&"Duplicate",$AX$408:$AY$508,1,FALSE),"") | R8: =IFERROR(VLOOKUP(B8&"|"&C8&"|"&D8&"|"&"Duplicate",$BV$408:$BW$508,1,FALSE),"")
E9: {=_xlfn.IFS(LEFT(D9,3)="[D]","Decrease",LEFT(D9,3)="[I]","Increase",D9="","")} | F9: {=IFERROR(_xlfn.IFS(E9="Decrease",-1*G9,E9="Increase",G9),0)} -> 0 | G9: =IF(E9<>"",10%,0) -> 0 | H9: =IF($H$7=B9,VLOOKUP(C9,$Z$511:$AA$612,2,FALSE),0) -> 0 | I9: =IF($I$7=B9,VLOOKUP(C9,$AO$511:$AP$612,2,FALSE),0) -> 0 | J9: =IF($J$7=B9,VLOOKUP(C9,$BB$511:$BC$612,2,FALSE),0) -> 0 | K9: {=IFERROR(_xlfn.IFS(B9&"|"&C9&"|"&D9&"|"&"Duplicate"=P9,"This factor has already been used. Please revise.",B9&"|"&C9&"|"&D9&"|"&"Duplicate"=Q9,"This factor has already been used. Please revise.",B9&"|"&C9&"|"&D9&"|"&"Duplicate"=R9,"This factor has already been used. Please revise.",(H9<-0.3),"Please check reduction percentage since no more than -30% total reduction can be applied",(I9<-0.3),"Please check reduction percentage since no more than -30% total reduction can be applied",(J9<-0.3),"Please check reduction percentage since no more than -30% total reduction can be applied",AND(D9="[D] Client is not design responsible or other standard elements in the scope",G9>15%),"If Design is not included in the scope a maximum 15% reduction can be applied; please revise."),"")} | P9: =IFERROR(VLOOKUP(B9&"|"&C9&"|"&D9&"|"&"Duplicate",$AI$408:$AJ$508,1,FALSE),"") | Q9: =IFERROR(VLOOKUP(B9&"|"&C9&"|"&D9&"|"&"Duplicate",$AX$408:$AY$508,1,FALSE),"") | R9: =IFERROR(VLOOKUP(B9&"|"&C9&"|"&D9&"|"&"Duplicate",$BV$408:$BW$508,1,FALSE),"")
E10: {=_xlfn.IFS(LEFT(D10,3)="[D]","Decrease",LEFT(D10,3)="[I]","Increase",D10="","")} | F10: {=IFERROR(_xlfn.IFS(E10="Decrease",-1*G10,E10="Increase",G10),0)} -> 0 | G10: =IF(E10<>"",10%,0) -> 0 | H10: =IF($H$7=B10,VLOOKUP(C10,$Z$511:$AA$612,2,FALSE),0) -> 0 | I10: =IF($I$7=B10,VLOOKUP(C10,$AO$511:$AP$612,2,FALSE),0) -> 0 | J10: =IF($J$7=B10,VLOOKUP(C10,$BB$511:$BC$612,2,FALSE),0) -> 0 | K10: {=IFERROR(_xlfn.IFS(B10&"|"&C10&"|"&D10&"|"&"Duplicate"=P10,"This factor has already been used. Please revise.",B10&"|"&C10&"|"&D10&"|"&"Duplicate"=Q10,"This factor has already been used. Please revise.",B10&"|"&C10&"|"&D10&"|"&"Duplicate"=R10,"This factor has already been used. Please revise.",(H10<-0.3),"Please check reduction percentage since no more than -30% total reduction can be applied",(I10<-0.3),"Please check reduction percentage since no more than -30% total reduction can be applied",(J10<-0.3),"Please check reduction percentage since no more than -30% total reduction can be applied",AND(D10="[D] Client is not design responsible or other standard elements in the scope",G10>15%),"If Design is not included in the scope a maximum 15% reduction can be applied; please revise."),"")} | P10: =IFERROR(VLOOKUP(B10&"|"&C10&"|"&D10&"|"&"Duplicate",$AI$408:$AJ$508,1,FALSE),"") | Q10: =IFERROR(VLOOKUP(B10&"|"&C10&"|"&D10&"|"&"Duplicate",$AX$408:$AY$508,1,FALSE),"") | R10: =IFERROR(VLOOKUP(B10&"|"&C10&"|"&D10&"|"&"Duplicate",$BV$408:$BW$508,1,FALSE),"")
E11: {=_xlfn.IFS(LEFT(D11,3)="[D]","Decrease",LEFT(D11,3)="[I]","Increase",D11="","")} | F11: {=IFERROR(_xlfn.IFS(E11="Decrease",-1*G11,E11="Increase",G11),0)} -> 0 | G11: =IF(E11<>"",10%,0) -> 0 | H11: =IF($H$7=B11,VLOOKUP(C11,$Z$511:$AA$612,2,FALSE),0) -> 0 | I11: =IF($I$7=B11,VLOOKUP(C11,$AO$511:$AP$612,2,FALSE),0) -> 0 | J11: =IF($J$7=B11,VLOOKUP(C11,$BB$511:$BC$612,2,FALSE),0) -> 0 | K11: {=IFERROR(_xlfn.IFS(B11&"|"&C11&"|"&D11&"|"&"Duplicate"=P11,"This factor has already been used. Please revise.",B11&"|"&C11&"|"&D11&"|"&"Duplicate"=Q11,"This factor has already been used. Please revise.",B11&"|"&C11&"|"&D11&"|"&"Duplicate"=R11,"This factor has already been used. Please revise.",(H11<-0.3),"Please check reduction percentage since no more than -30% total reduction can be applied",(I11<-0.3),"Please check reduction percentage since no more than -30% total reduction can be applied",(J11<-0.3),"Please check reduction percentage since no more than -30% total reduction can be applied",AND(D11="[D] Client is not design responsible or other standard elements in the scope",G11>15%),"If Design is not included in the scope a maximum 15% reduction can be applied; please revise."),"")} | P11: =IFERROR(VLOOKUP(B11&"|"&C11&"|"&D11&"|"&"Duplicate",$AI$408:$AJ$508,1,FALSE),"") | Q11: =IFERROR(VLOOKUP(B11&"|"&C11&"|"&D11&"|"&"Duplicate",$AX$408:$AY$508,1,FALSE),"") | R11: =IFERROR(VLOOKUP(B11&"|"&C11&"|"&D11&"|"&"Duplicate",$BV$408:$BW$508,1,FALSE),"")
E12: {=_xlfn.IFS(LEFT(D12,3)="[D]","Decrease",LEFT(D12,3)="[I]","Increase",D12="","")} | F12: {=IFERROR(_xlfn.IFS(E12="Decrease",-1*G12,E12="Increase",G12),0)} -> 0 | G12: =IF(E12<>"",10%,0) -> 0 | H12: =IF($H$7=B12,VLOOKUP(C12,$Z$511:$AA$612,2,FALSE),0) -> 0 | I12: =IF($I$7=B12,VLOOKUP(C12,$AO$511:$AP$612,2,FALSE),0) -> 0 | J12: =IF($J$7=B12,VLOOKUP(C12,$BB$511:$BC$612,2,FALSE),0) -> 0 | K12: {=IFERROR(_xlfn.IFS(B12&"|"&C12&"|"&D12&"|"&"Duplicate"=P12,"This factor has already been used. Please revise.",B12&"|"&C12&"|"&D12&"|"&"Duplicate"=Q12,"This factor has already been used. Please revise.",B12&"|"&C12&"|"&D12&"|"&"Duplicate"=R12,"This factor has already been used. Please revise.",(H12<-0.3),"Please check reduction percentage since no more than -30% total reduction can be applied",(I12<-0.3),"Please check reduction percentage since no more than -30% total reduction can be applied",(J12<-0.3),"Please check reduction percentage since no more than -30% total reduction can be applied",AND(D12="[D] Client is not design responsible or other standard elements in the scope",G12>15%),"If Design is not included in the scope a maximum 15% reduction can be applied; please revise."),"")} | P12: =IFERROR(VLOOKUP(B12&"|"&C12&"|"&D12&"|"&"Duplicate",$AI$408:$AJ$508,1,FALSE),"") | Q12: =IFERROR(VLOOKUP(B12&"|"&C12&"|"&D12&"|"&"Duplicate",$AX$408:$AY$508,1,FALSE),"") | R12: =IFERROR(VLOOKUP(B12&"|"&C12&"|"&D12&"|"&"Duplicate",$BV$408:$BW$508,1,FALSE),"")
E13: {=_xlfn.IFS(LEFT(D13,3)="[D]","Decrease",LEFT(D13,3)="[I]","Increase",D13="","")} | F13: {=IFERROR(_xlfn.IFS(E13="Decrease",-1*G13,E13="Increase",G13),0)} -> 0 | G13: =IF(E13<>"",10%,0) -> 0 | H13: =IF($H$7=B13,VLOOKUP(C13,$Z$511:$AA$612,2,FALSE),0) -> 0 | I13: =IF($I$7=B13,VLOOKUP(C13,$AO$511:$AP$612,2,FALSE),0) -> 0 | J13: =IF($J$7=B13,VLOOKUP(C13,$BB$511:$BC$612,2,FALSE),0) -> 0 | K13: {=IFERROR(_xlfn.IFS(B13&"|"&C13&"|"&D13&"|"&"Duplicate"=P13,"This factor has already been used. Please revise.",B13&"|"&C13&"|"&D13&"|"&"Duplicate"=Q13,"This factor has already been used. Please revise.",B13&"|"&C13&"|"&D13&"|"&"Duplicate"=R13,"This factor has already been used. Please revise.",(H13<-0.3),"Please check reduction percentage since no more than -30% total reduction can be applied",(I13<-0.3),"Please check reduction percentage since no more than -30% total reduction can be applied",(J13<-0.3),"Please check reduction percentage since no more than -30% total reduction can be applied",AND(D13="[D] Client is not design responsible or other standard elements in the scope",G13>15%),"If Design is not included in the scope a maximum 15% reduction can be applied; please revise."),"")} | P13: =IFERROR(VLOOKUP(B13&"|"&C13&"|"&D13&"|"&"Duplicate",$AI$408:$AJ$508,1,FALSE),"") | Q13: =IFERROR(VLOOKUP(B13&"|"&C13&"|"&D13&"|"&"Duplicate",$AX$408:$AY$508,1,FALSE),"") | R13: =IFERROR(VLOOKUP(B13&"|"&C13&"|"&D13&"|"&"Duplicate",$BV$408:$BW$508,1,FALSE),"")
E14: {=_xlfn.IFS(LEFT(D14,3)="[D]","Decrease",LEFT(D14,3)="[I]","Increase",D14="","")} | F14: {=IFERROR(_xlfn.IFS(E14="Decrease",-1*G14,E14="Increase",G14),0)} -> 0 | G14: =IF(E14<>"",10%,0) -> 0 | H14: =IF($H$7=B14,VLOOKUP(C14,$Z$511:$AA$612,2,FALSE),0) -> 0 | I14: =IF($I$7=B14,VLOOKUP(C14,$AO$511:$AP$612,2,FALSE),0) -> 0 | J14: =IF($J$7=B14,VLOOKUP(C14,$BB$511:$BC$612,2,FALSE),0) -> 0 | K14: {=IFERROR(_xlfn.IFS(B14&"|"&C14&"|"&D14&"|"&"Duplicate"=P14,"This factor has already been used. Please revise.",B14&"|"&C14&"|"&D14&"|"&"Duplicate"=Q14,"This factor has already been used. Please revise.",B14&"|"&C14&"|"&D14&"|"&"Duplicate"=R14,"This factor has already been used. Please revise.",(H14<-0.3),"Please check reduction percentage since no more than -30% total reduction can be applied",(I14<-0.3),"Please check reduction percentage since no more than -30% total reduction can be applied",(J14<-0.3),"Please check reduction percentage since no more than -30% total reduction can be applied",AND(D14="[D] Client is not design responsible or other standard elements in the scope",G14>15%),"If Design is not included in the scope a maximum 15% reduction can be applied; please revise."),"")} | P14: =IFERROR(VLOOKUP(B14&"|"&C14&"|"&D14&"|"&"Duplicate",$AI$408:$AJ$508,1,FALSE),"") | Q14: =IFERROR(VLOOKUP(B14&"|"&C14&"|"&D14&"|"&"Duplicate",$AX$408:$AY$508,1,FALSE),"") | R14: =IFERROR(VLOOKUP(B14&"|"&C14&"|"&D14&"|"&"Duplicate",$BV$408:$BW$508,1,FALSE),"")
E15: {=_xlfn.IFS(LEFT(D15,3)="[D]","Decrease",LEFT(D15,3)="[I]","Increase",D15="","")} | F15: {=IFERROR(_xlfn.IFS(E15="Decrease",-1*G15,E15="Increase",G15),0)} -> 0 | G15: =IF(E15<>"",10%,0) -> 0 | H15: =IF($H$7=B15,VLOOKUP(C15,$Z$511:$AA$612,2,FALSE),0) -> 0 | I15: =IF($I$7=B15,VLOOKUP(C15,$AO$511:$AP$612,2,FALSE),0) -> 0 | J15: =IF($J$7=B15,VLOOKUP(C15,$BB$511:$BC$612,2,FALSE),0) -> 0 | K15: {=IFERROR(_xlfn.IFS(B15&"|"&C15&"|"&D15&"|"&"Duplicate"=P15,"This factor has already been used. Please revise.",B15&"|"&C15&"|"&D15&"|"&"Duplicate"=Q15,"This factor has already been used. Please revise.",B15&"|"&C15&"|"&D15&"|"&"Duplicate"=R15,"This factor has already been used. Please revise.",(H15<-0.3),"Please check reduction percentage since no more than -30% total reduction can be applied",(I15<-0.3),"Please check reduction percentage since no more than -30% total reduction can be applied",(J15<-0.3),"Please check reduction percentage since no more than -30% total reduction can be applied",AND(D15="[D] Client is not design responsible or other standard elements in the scope",G15>15%),"If Design is not included in the scope a maximum 15% reduction can be applied; please revise."),"")} | P15: =IFERROR(VLOOKUP(B15&"|"&C15&"|"&D15&"|"&"Duplicate",$AI$408:$AJ$508,1,FALSE),"") | Q15: =IFERROR(VLOOKUP(B15&"|"&C15&"|"&D15&"|"&"Duplicate",$AX$408:$AY$508,1,FALSE),"") | R15: =IFERROR(VLOOKUP(B15&"|"&C15&"|"&D15&"|"&"Duplicate",$BV$408:$BW$508,1,FALSE),"")
E16: {=_xlfn.IFS(LEFT(D16,3)="[D]","Decrease",LEFT(D16,3)="[I]","Increase",D16="","")} | F16: {=IFERROR(_xlfn.IFS(E16="Decrease",-1*G16,E16="Increase",G16),0)} -> 0 | G16: =IF(E16<>"",10%,0) -> 0 | H16: =IF($H$7=B16,VLOOKUP(C16,$Z$511:$AA$612,2,FALSE),0) -> 0 | I16: =IF($I$7=B16,VLOOKUP(C16,$AO$511:$AP$612,2,FALSE),0) -> 0 | J16: =IF($J$7=B16,VLOOKUP(C16,$BB$511:$BC$612,2,FALSE),0) -> 0 | K16: {=IFERROR(_xlfn.IFS(B16&"|"&C16&"|"&D16&"|"&"Duplicate"=P16,"This factor has already been used. Please revise.",B16&"|"&C16&"|"&D16&"|"&"Duplicate"=Q16,"This factor has already been used. Please revise.",B16&"|"&C16&"|"&D16&"|"&"Duplicate"=R16,"This factor has already been used. Please revise.",(H16<-0.3),"Please check reduction percentage since no more than -30% total reduction can be applied",(I16<-0.3),"Please check reduction percentage since no more than -30% total reduction can be applied",(J16<-0.3),"Please check reduction percentage since no more than -30% total reduction can be applied",AND(D16="[D] Client is not design responsible or other standard elements in the scope",G16>15%),"If Design is not included in the scope a maximum 15% reduction can be applied; please revise."),"")} | P16: =IFERROR(VLOOKUP(B16&"|"&C16&"|"&D16&"|"&"Duplicate",$AI$408:$AJ$508,1,FALSE),"") | Q16: =IFERROR(VLOOKUP(B16&"|"&C16&"|"&D16&"|"&"Duplicate",$AX$408:$AY$508,1,FALSE),"") | R16: =IFERROR(VLOOKUP(B16&"|"&C16&"|"&D16&"|"&"Duplicate",$BV$408:$BW$508,1,FALSE),"")
E17: {=_xlfn.IFS(LEFT(D17,3)="[D]","Decrease",LEFT(D17,3)="[I]","Increase",D17="","")} | F17: {=IFERROR(_xlfn.IFS(E17="Decrease",-1*G17,E17="Increase",G17),0)} -> 0 | G17: =IF(E17<>"",10%,0) -> 0 | H17: =IF($H$7=B17,VLOOKUP(C17,$Z$511:$AA$612,2,FALSE),0) -> 0 | I17: =IF($I$7=B17,VLOOKUP(C17,$AO$511:$AP$612,2,FALSE),0) -> 0 | J17: =IF($J$7=B17,VLOOKUP(C17,$BB$511:$BC$612,2,FALSE),0) -> 0 | K17: {=IFERROR(_xlfn.IFS(B17&"|"&C17&"|"&D17&"|"&"Duplicate"=P17,"This factor has already been used. Please revise.",B17&"|"&C17&"|"&D17&"|"&"Duplicate"=Q17,"This factor has already been used. Please revise.",B17&"|"&C17&"|"&D17&"|"&"Duplicate"=R17,"This factor has already been used. Please revise.",(H17<-0.3),"Please check reduction percentage since no more than -30% total reduction can be applied",(I17<-0.3),"Please check reduction percentage since no more than -30% total reduction can be applied",(J17<-0.3),"Please check reduction percentage since no more than -30% total reduction can be applied",AND(D17="[D] Client is not design responsible or other standard elements in the scope",G17>15%),"If Design is not included in the scope a maximum 15% reduction can be applied; please revise."),"")} | P17: =IFERROR(VLOOKUP(B17&"|"&C17&"|"&D17&"|"&"Duplicate",$AI$408:$AJ$508,1,FALSE),"") | Q17: =IFERROR(VLOOKUP(B17&"|"&C17&"|"&D17&"|"&"Duplicate",$AX$408:$AY$508,1,FALSE),"") | R17: =IFERROR(VLOOKUP(B17&"|"&C17&"|"&D17&"|"&"Duplicate",$BV$408:$BW$508,1,FALSE),"")
E18: {=_xlfn.IFS(LEFT(D18,3)="[D]","Decrease",LEFT(D18,3)="[I]","Increase",D18="","")} | F18: {=IFERROR(_xlfn.IFS(E18="Decrease",-1*G18,E18="Increase",G18),0)} -> 0 | G18: =IF(E18<>"",10%,0) -> 0 | H18: =IF($H$7=B18,VLOOKUP(C18,$Z$511:$AA$612,2,FALSE),0) -> 0 | I18: =IF($I$7=B18,VLOOKUP(C18,$AO$511:$AP$612,2,FALSE),0) -> 0 | J18: =IF($J$7=B18,VLOOKUP(C18,$BB$511:$BC$612,2,FALSE),0) -> 0 | K18: {=IFERROR(_xlfn.IFS(B18&"|"&C18&"|"&D18&"|"&"Duplicate"=P18,"This factor has already been used. Please revise.",B18&"|"&C18&"|"&D18&"|"&"Duplicate"=Q18,"This factor has already been used. Please revise.",B18&"|"&C18&"|"&D18&"|"&"Duplicate"=R18,"This factor has already been used. Please revise.",(H18<-0.3),"Please check reduction percentage since no more than -30% total reduction can be applied",(I18<-0.3),"Please check reduction percentage since no more than -30% total reduction can be applied",(J18<-0.3),"Please check reduction percentage since no more than -30% total reduction can be applied",AND(D18="[D] Client is not design responsible or other standard elements in the scope",G18>15%),"If Design is not included in the scope a maximum 15% reduction can be applied; please revise."),"")} | P18: =IFERROR(VLOOKUP(B18&"|"&C18&"|"&D18&"|"&"Duplicate",$AI$408:$AJ$508,1,FALSE),"") | Q18: =IFERROR(VLOOKUP(B18&"|"&C18&"|"&D18&"|"&"Duplicate",$AX$408:$AY$508,1,FALSE),"") | R18: =IFERROR(VLOOKUP(B18&"|"&C18&"|"&D18&"|"&"Duplicate",$BV$408:$BW$508,1,FALSE),"")
E19: {=_xlfn.IFS(LEFT(D19,3)="[D]","Decrease",LEFT(D19,3)="[I]","Increase",D19="","")} | F19: {=IFERROR(_xlfn.IFS(E19="Decrease",-1*G19,E19="Increase",G19),0)} -> 0 | G19: =IF(E19<>"",10%,0) -> 0 | H19: =IF($H$7=B19,VLOOKUP(C19,$Z$511:$AA$612,2,FALSE),0) -> 0 | I19: =IF($I$7=B19,VLOOKUP(C19,$AO$511:$AP$612,2,FALSE),0) -> 0 | J19: =IF($J$7=B19,VLOOKUP(C19,$BB$511:$BC$612,2,FALSE),0) -> 0 | K19: {=IFERROR(_xlfn.IFS(B19&"|"&C19&"|"&D19&"|"&"Duplicate"=P19,"This factor has already been used. Please revise.",B19&"|"&C19&"|"&D19&"|"&"Duplicate"=Q19,"This factor has already been used. Please revise.",B19&"|"&C19&"|"&D19&"|"&"Duplicate"=R19,"This factor has already been used. Please revise.",(H19<-0.3),"Please check reduction percentage since no more than -30% total reduction can be applied",(I19<-0.3),"Please check reduction percentage since no more than -30% total reduction can be applied",(J19<-0.3),"Please check reduction percentage since no more than -30% total reduction can be applied",AND(D19="[D] Client is not design responsible or other standard elements in the scope",G19>15%),"If Design is not included in the scope a maximum 15% reduction can be applied; please revise."),"")} | P19: =IFERROR(VLOOKUP(B19&"|"&C19&"|"&D19&"|"&"Duplicate",$AI$408:$AJ$508,1,FALSE),"") | Q19: =IFERROR(VLOOKUP(B19&"|"&C19&"|"&D19&"|"&"Duplicate",$AX$408:$AY$508,1,FALSE),"") | R19: =IFERROR(VLOOKUP(B19&"|"&C19&"|"&D19&"|"&"Duplicate",$BV$408:$BW$508,1,FALSE),"")
... E107: {=_xlfn.IFS(LEFT(D107,3)="[D]","Decrease",LEFT(D107,3)="[I]","Increase",D107="","")} | F107: {=IFERROR(_xlfn.IFS(E107="Decrease",-1*G107,E107="Increase",G107),0)} -> 0 | G107: =IF(E107<>"",10%,0) -> 0 | H107: =IF($H$7=B107,VLOOKUP(C107,$Z$511:$AA$612,2,FALSE),0) -> 0 | I107: =IF($I$7=B107,VLOOKUP(C107,$AO$511:$AP$612,2,FALSE),0) -> 0 | J107: =IF($J$7=B107,VLOOKUP(C107,$BB$511:$BC$612,2,FALSE),0) -> 0 | K107: {=IFERROR(_xlfn.IFS(B107&"|"&C107&"|"&D107&"|"&"Duplicate"=P107,"This factor has already been used. Please revise.",B107&"|"&C107&"|"&D107&"|"&"Duplicate"=Q107,"This factor has already been used. Please revise.",B107&"|"&C107&"|"&D107&"|"&"Duplicate"=R107,"This factor has already been used. Please revise.",(H107<-0.3),"Please check reduction percentage since no more than -30% total reduction can be applied",(I107<-0.3),"Please check reduction percentage since no more than -30% total reduction can be applied",(J107<-0.3),"Please check reduction percentage since no more than -30% total reduction can be applied",AND(D107="[D] Client is not design responsible or other standard elements in the scope",G107>15%),"If Design is not included in the scope a maximum 15% reduction can be applied; please revise."),"")} | P107: =IFERROR(VLOOKUP(B107&"|"&C107&"|"&D107&"|"&"Duplicate",$AI$408:$AJ$508,1,FALSE),"") | Q107: =IFERROR(VLOOKUP(B107&"|"&C107&"|"&D107&"|"&"Duplicate",$AX$408:$AY$508,1,FALSE),"") | R107: =IFERROR(VLOOKUP(B107&"|"&C107&"|"&D107&"|"&"Duplicate",$BV$408:$BW$508,1,FALSE),"")
E108: {=_xlfn.IFS(LEFT(D108,3)="[D]","Decrease",LEFT(D108,3)="[I]","Increase",D108="","")} | F108: {=IFERROR(_xlfn.IFS(E108="Decrease",-1*G108,E108="Increase",G108),0)} -> 0 | G108: =IF(E108<>"",10%,0) -> 0 | H108: =IF($H$7=B108,VLOOKUP(C108,$Z$511:$AA$612,2,FALSE),0) -> 0 | I108: =IF($I$7=B108,VLOOKUP(C108,$AO$511:$AP$612,2,FALSE),0) -> 0 | J108: =IF($J$7=B108,VLOOKUP(C108,$BB$511:$BC$612,2,FALSE),0) -> 0 | K108: {=IFERROR(_xlfn.IFS(B108&"|"&C108&"|"&D108&"|"&"Duplicate"=P108,"This factor has already been used. Please revise.",B108&"|"&C108&"|"&D108&"|"&"Duplicate"=Q108,"This factor has already been used. Please revise.",B108&"|"&C108&"|"&D108&"|"&"Duplicate"=R108,"This factor has already been used. Please revise.",(H108<-0.3),"Please check reduction percentage since no more than -30% total reduction can be applied",(I108<-0.3),"Please check reduction percentage since no more than -30% total reduction can be applied",(J108<-0.3),"Please check reduction percentage since no more than -30% total reduction can be applied"),"")} | P108: =IFERROR(VLOOKUP(B108&"|"&C108&"|"&D108&"|"&"Duplicate",$AI$408:$AJ$508,1,FALSE),"") | Q108: =IFERROR(VLOOKUP(B108&"|"&C108&"|"&D108&"|"&"Duplicate",$AX$408:$AY$508,1,FALSE),"") | R108: =IFERROR(VLOOKUP(B108&"|"&C108&"|"&D108&"|"&"Duplicate",$BV$408:$BW$508,1,FALSE),"")
B110: Remarks
B114: =$E$2 -> --
B115: =IFERROR(IF(Z408<>"",CONCATENATE(AA408," - Total Percentage: ",(AF408*100),,"%"," | ","Adjustment Factor: ",AB408," | ","Factor's Increase/Decrease Percentage: "," ",AC408," ",(AD408*100),"%"),0),"---") -> ---
B116: =IF(Z409<>"",CONCATENATE(AA409," - Total Percentage: ",(AF409*100),"%"," | ","Adjustment Factor: ",AB409," | ","Factor's Increase/Decrease Percentage: "," ",AC409," ",(AD409*100),"%"),"")
B117: =IF(Z410<>"",CONCATENATE(AA410," - Total Percentage: ",(AF410*100),"%"," | ","Adjustment Factor: ",AB410," | ","Factor's Increase/Decrease Percentage: "," ",AC410," ",(AD410*100),"%"),"")
B118: =IF(Z411<>"",CONCATENATE(AA411," - Total Percentage: ",(AF411*100),"%"," | ","Adjustment Factor: ",AB411," | ","Factor's Increase/Decrease Percentage: "," ",AC411," ",(AD411*100),"%"),"")
B119: =IF(Z412<>"",CONCATENATE(AA412," - Total Percentage: ",(AF412*100),"%"," | ","Adjustment Factor: ",AB412," | ","Factor's Increase/Decrease Percentage: "," ",AC412," ",(AD412*100),"%"),"")
B120: =IF(Z413<>"",CONCATENATE(AA413," - Total Percentage: ",(AF413*100),"%"," | ","Adjustment Factor: ",AB413," | ","Factor's Increase/Decrease Percentage: "," ",AC413," ",(AD413*100),"%"),"")
B121: =IF(Z414<>"",CONCATENATE(AA414," - Total Percentage: ",(AF414*100),"%"," | ","Adjustment Factor: ",AB414," | ","Factor's Increase/Decrease Percentage: "," ",AC414," ",(AD414*100),"%"),"")
B122: =IF(Z415<>"",CONCATENATE(AA415," - Total Percentage: ",(AF415*100),"%"," | ","Adjustment Factor: ",AB415," | ","Factor's Increase/Decrease Percentage: "," ",AC415," ",(AD415*100),"%"),"")
B123: =IF(Z416<>"",CONCATENATE(AA416," - Total Percentage: ",(AF416*100),"%"," | ","Adjustment Factor: ",AB416," | ","Factor's Increase/Decrease Percentage: "," ",AC416," ",(AD416*100),"%"),"")
B124: =IF(Z417<>"",CONCATENATE(AA417," - Total Percentage: ",(AF417*100),"%"," | ","Adjustment Factor: ",AB417," | ","Factor's Increase/Decrease Percentage: "," ",AC417," ",(AD417*100),"%"),"")
B125: =IF(Z418<>"",CONCATENATE(AA418," - Total Percentage: ",(AF418*100),"%"," | ","Adjustment Factor: ",AB418," | ","Factor's Increase/Decrease Percentage: "," ",AC418," ",(AD418*100),"%"),"")
B126: =IF(Z419<>"",CONCATENATE(AA419," - Total Percentage: ",(AF419*100),"%"," | ","Adjustment Factor: ",AB419," | ","Factor's Increase/Decrease Percentage: "," ",AC419," ",(AD419*100),"%"),"")
B127: =IF(Z420<>"",CONCATENATE(AA420," - Total Percentage: ",(AF420*100),"%"," | ","Adjustment Factor: ",AB420," | ","Factor's Increase/Decrease Percentage: "," ",AC420," ",(AD420*100),"%"),"")
... B191: =IF(Z484<>"",CONCATENATE(AA484," - Total Percentage: ",(AF484*100),"%"," | ","Adjustment Factor: ",AB484," | ","Factor's Increase/Decrease Percentage: "," ",AC484," ",(AD484*100),"%"),"")
B193: =$G$2 -> --
B194: =IFERROR(IF(AO408<>"",CONCATENATE(AP408," - Total Percentage: ",(AU408*100),"%"," | ","Adjustment Factor: ",AQ408," | ","Factor's Increase/Decrease Percentage: "," ",AR408," ",(AS408*100),"%"),0),"---") -> ---
B195: =IF(AO409<>"",CONCATENATE(AP409," - Total Percentage: ",(AU409*100),"%"," | ","Adjustment Factor: ",AQ409," | ","Factor's Increase/Decrease Percentage: "," ",AR409," ",(AS409*100),"%"),"")
B196: =IF(AO410<>"",CONCATENATE(AP410," - Total Percentage: ",(AU410*100),"%"," | ","Adjustment Factor: ",AQ410," | ","Factor's Increase/Decrease Percentage: "," ",AR410," ",(AS410*100),"%"),"")
B197: =IF(AO411<>"",CONCATENATE(AP411," - Total Percentage: ",(AU411*100),"%"," | ","Adjustment Factor: ",AQ411," | ","Factor's Increase/Decrease Percentage: "," ",AR411," ",(AS411*100),"%"),"")
B198: =IF(AO412<>"",CONCATENATE(AP412," - Total Percentage: ",(AU412*100),"%"," | ","Adjustment Factor: ",AQ412," | ","Factor's Increase/Decrease Percentage: "," ",AR412," ",(AS412*100),"%"),"")
B199: =IF(AO413<>"",CONCATENATE(AP413," - Total Percentage: ",(AU413*100),"%"," | ","Adjustment Factor: ",AQ413," | ","Factor's Increase/Decrease Percentage: "," ",AR413," ",(AS413*100),"%"),"")
B200: =IF(AO414<>"",CONCATENATE(AP414," - Total Percentage: ",(AU414*100),"%"," | ","Adjustment Factor: ",AQ414," | ","Factor's Increase/Decrease Percentage: "," ",AR414," ",(AS414*100),"%"),"")
B201: =IF(AO415<>"",CONCATENATE(AP415," - Total Percentage: ",(AU415*100),"%"," | ","Adjustment Factor: ",AQ415," | ","Factor's Increase/Decrease Percentage: "," ",AR415," ",(AS415*100),"%"),"")
B202: =IF(AO416<>"",CONCATENATE(AP416," - Total Percentage: ",(AU416*100),"%"," | ","Adjustment Factor: ",AQ416," | ","Factor's Increase/Decrease Percentage: "," ",AR416," ",(AS416*100),"%"),"")
B203: =IF(AO417<>"",CONCATENATE(AP417," - Total Percentage: ",(AU417*100),"%"," | ","Adjustment Factor: ",AQ417," | ","Factor's Increase/Decrease Percentage: "," ",AR417," ",(AS417*100),"%"),"")
B204: =IF(AO418<>"",CONCATENATE(AP418," - Total Percentage: ",(AU418*100),"%"," | ","Adjustment Factor: ",AQ418," | ","Factor's Increase/Decrease Percentage: "," ",AR418," ",(AS418*100),"%"),"")
B205: =IF(AO419<>"",CONCATENATE(AP419," - Total Percentage: ",(AU419*100),"%"," | ","Adjustment Factor: ",AQ419," | ","Factor's Increase/Decrease Percentage: "," ",AR419," ",(AS419*100),"%"),"")
B206: =IF(AO420<>"",CONCATENATE(AP420," - Total Percentage: ",(AU420*100),"%"," | ","Adjustment Factor: ",AQ420," | ","Factor's Increase/Decrease Percentage: "," ",AR420," ",(AS420*100),"%"),"")
... B294: =IF(AO508<>"",CONCATENATE(AP508," - Total Percentage: ",(AU508*100),"%"," | ","Adjustment Factor: ",AQ508," | ","Factor's Increase/Decrease Percentage: "," ",AR508," ",(AS508*100),"%"),"")
B296: =$H$2 -> --
B297: =IFERROR(IF(BB408<>"",CONCATENATE(BC408," - Total Percentage: ",(BH408*100),"%"," | ","Adjustment Factor: ",BD408," | ","Factor's Increase/Decrease Percentage: "," ",BE408," ",(BF408*100),"%"),0),"---") -> ---
B298: =IF(BB409<>"",CONCATENATE(BC409," - Total Percentage: ",(BH409*100),"%"," | ","Adjustment Factor: ",BD409," | ","Factor's Increase/Decrease Percentage: "," ",BE409," ",(BF409*100),"%"),"")
B299: =IF(BB410<>"",CONCATENATE(BC410," - Total Percentage: ",(BH410*100),"%"," | ","Adjustment Factor: ",BD410," | ","Factor's Increase/Decrease Percentage: "," ",BE410," ",(BF410*100),"%"),"")
B300: =IF(BB411<>"",CONCATENATE(BC411," - Total Percentage: ",(BH411*100),"%"," | ","Adjustment Factor: ",BD411," | ","Factor's Increase/Decrease Percentage: "," ",BE411," ",(BF411*100),"%"),"")
B301: =IF(BB412<>"",CONCATENATE(BC412," - Total Percentage: ",(BH412*100),"%"," | ","Adjustment Factor: ",BD412," | ","Factor's Increase/Decrease Percentage: "," ",BE412," ",(BF412*100),"%"),"")
B302: =IF(BB413<>"",CONCATENATE(BC413," - Total Percentage: ",(BH413*100),"%"," | ","Adjustment Factor: ",BD413," | ","Factor's Increase/Decrease Percentage: "," ",BE413," ",(BF413*100),"%"),"")
B303: =IF(BB414<>"",CONCATENATE(BC414," - Total Percentage: ",(BH414*100),"%"," | ","Adjustment Factor: ",BD414," | ","Factor's Increase/Decrease Percentage: "," ",BE414," ",(BF414*100),"%"),"")
B304: =IF(BB415<>"",CONCATENATE(BC415," - Total Percentage: ",(BH415*100),"%"," | ","Adjustment Factor: ",BD415," | ","Factor's Increase/Decrease Percentage: "," ",BE415," ",(BF415*100),"%"),"")
B305: =IF(BB416<>"",CONCATENATE(BC416," - Total Percentage: ",(BH416*100),"%"," | ","Adjustment Factor: ",BD416," | ","Factor's Increase/Decrease Percentage: "," ",BE416," ",(BF416*100),"%"),"")
B306: =IF(BB417<>"",CONCATENATE(BC417," - Total Percentage: ",(BH417*100),"%"," | ","Adjustment Factor: ",BD417," | ","Factor's Increase/Decrease Percentage: "," ",BE417," ",(BF417*100),"%"),"")
B307: =IF(BB418<>"",CONCATENATE(BC418," - Total Percentage: ",(BH418*100),"%"," | ","Adjustment Factor: ",BD418," | ","Factor's Increase/Decrease Percentage: "," ",BE418," ",(BF418*100),"%"),"")
B308: =IF(BB419<>"",CONCATENATE(BC419," - Total Percentage: ",(BH419*100),"%"," | ","Adjustment Factor: ",BD419," | ","Factor's Increase/Decrease Percentage: "," ",BE419," ",(BF419*100),"%"),"")
B309: =IF(BB420<>"",CONCATENATE(BC420," - Total Percentage: ",(BH420*100),"%"," | ","Adjustment Factor: ",BD420," | ","Factor's Increase/Decrease Percentage: "," ",BE420," ",(BF420*100),"%"),"")
... B397: =IF(BB508<>"",CONCATENATE(BC508," - Total Percentage: ",(BH508*100),"%"," | ","Adjustment Factor: ",BD508," | ","Factor's Increase/Decrease Percentage: "," ",BE508," ",(BF508*100),"%"),"")
A404: Hidden Cells
AH405: 9001 | AW405: 9001
A406: Product | B406: Complexity | C406: Adjustment % | D406: Variance | E406: Total Percentage | G406: Sites | K406: iso9001 | L406: iso14001 | M406: iso45001 | P406: 9001 Adjustment Factors | Q406: 14001 Adjustment Factors | R406: 45001 Adjustment Factors | AK406: this has not been implemented
A407: =Overview!B13 -> -- | B407: High | C407: -0.3 | D407: Increase | E407: =COUNTIF(B8:B108,"ISO 9001") -> 0 | G407: Site Name/Description | P407: [D] Client is not design responsible or other standard elements in the scope | Q407: [D] Very small site for number of personnel (e.g. office complex only) | R407: [D] Maturity of management system (applicable to recertification, extension, etc.) | Z407: Product Name: ISO 9001 | AA407: Site | AB407: Adjustment Factor | AC407: Variance | AD407: +/- | AE407: Var % | AF407: All Sites inc/dec added | AG407: Combined Site&AdFact text (helper column 1) | AH407: Duplication of Adjustment Factor | AI407: Combined Site&AdFact&Duplicate text (helper column 2) | AJ407: Has this factor been used? | AK407: Has the same factor been used? | AL407: all sites total | AO407: Product Name: ISO 14001 | AP407: Site | AQ407: Adjustment Factor | AR407: Variance | AS407: +/- | AT407: Var % | AU407: All Sites inc/dec added | AV407: Combined Site&AdFact text (helper column 1) | AW407: Duplication of Adjustment Factor | AX407: Combined Site&AdFact&Duplicate text (helper column 2) | AY407: Has this factor been used? | AZ407: Has this factor already been used? | BA407: all sites total | BB407: Product Name: ISO 450001 | BC407: Site | BD407: Adjustment Factor | BE407: Variance | BF407: +/- | BG407: Var % | BH407: All Sites inc/dec added | BI407: Has this factor already been used? | BT407: Combined Site&AdFact text (helper column 1) | BU407: Duplication of Adjustment Factor | BV407: Combined Site&AdFact&Duplicate text (helper column 2) | BW407: Has this factor been used?
A408: =Overview!B14 -> -- | B408: Medium | C408: -0.25 | D408: Decrease | G408: {=OFFSET('Client Info'!B63,0,0,COUNTIF('Client Info'!$B$63:$B$176,"<>"))} -> All Sites | H408: =COUNTIF($C$8:$C$108,G408) -> 0 | K408: =SUMIFS($F$8:$F$108,$B$8:$B$108,$A$407,$C$8:$C$108,G408) -> 0 | L408: =SUMIFS($F$8:$F$108,$B$8:$B$108,$A$408,$C$8:$C$108,G408) -> 0 | M408: =SUMIFS($F$8:$F$108,$B$8:$B$108,$A$409,$C$8:$C$108,G408) -> 0 | P408: [D] Very small site for number of personnel (e.g. office complex only) | Q408: [D] Maturity of management system | R408: [D] Prior knowledge of the clients management system (e.g. already certified in another voluntary OH&SMS scheme by the same CAB) | Z408: {=_xlfn._xlws.SORT(_xlfn._xlws.FILTER($B$8:$G$108,$B$8:$B$108="ISO 9001",""),2,1,0)} -> #VALUE! | AF408: =IF(AA408="All Sites",SUMIFS($AD$408:$AD$508,$AA$408:$AA$508,AA408),IF(AA408<>"",(SUMIFS($AD$408:$AD$508,$AA$408:$AA$508,AA408)+$AL$408),"")) | AG408: =Z408&"|"&AA408&"|"&AB408 -> #VALUE! | AH408: =IF(AG408<>"||",(IF(COUNTIF(AG408:AG508,AG408)>1, "Duplicate", "Unique")),"No Factor") -> #VALUE! | AI408: =AG408&"|"&AH408 -> #VALUE! | AJ408: =IF(RIGHT(AI408,9)="Duplicate","This factor has already been used. Please revise.","") -> #VALUE! | AK408: =IF(AND(AA408<>"",AND(AB408=AB407,AA408=AA407)),"This factor has already been used for this Site; please revise","") | AL408: =SUMIFS(AD408:AD508,AA408:AA508,"All Sites") -> 0 | AM408: =IF(AA408="All Sites",_xlfn.XLOOKUP(AB408,AB409:AB433,AA409:AA433,,0,1)) -> FALSE | AO408: {=_xlfn._xlws.SORT(_xlfn._xlws.FILTER($B$8:$G$108,$B$8:$B$108="ISO 14001",""),2,1,0)} -> #VALUE! | AU408: =IF(AP408="All Sites",SUMIFS($AS$408:$AS$508,$AP$408:$AP$508,AP408),IF(AP408<>"",(SUMIFS($AS$408:$AS$508,$AP$408:$AP$508,AP408)+$BA$408),"")) | AV408: =AO408&"|"&AP408&"|"&AQ408 -> #VALUE! | AW408: =IF(AV408<>"||",(IF(COUNTIF(AV408:AV508,AV408)>1, "Duplicate", "Unique")),"No Factor") -> #VALUE! | AX408: =AV408&"|"&AW408 -> #VALUE! | AY408: =IF(RIGHT(AX408,9)="Duplicate","This factor has already been used. Please revise.","") -> #VALUE! | BA408: =SUMIFS(AS408:AS508,AP408:AP508,"All Sites") -> 0 | BB408: {=_xlfn._xlws.SORT(_xlfn._xlws.FILTER($B$8:$G$108,$B$8:$B$108="ISO 45001",""),2,1,0)} -> #VALUE! | BH408: =IF(BC408="All Sites",SUMIFS($BF$408:$BF$508,$BC$408:$BC$508,BC408),IF(BC408<>"",(SUMIFS($BF$408:$BF$508,$BC$408:$BC$508,BC408)+$BJ$408),"")) | BI408: =IF(BU408="Duplicate","This factor has already been used for this site selection; please revise","") -> #VALUE! | BJ408: =SUMIFS(BF408:BF508,BC408:BC508,"All Sites") -> 0 | BT408: =BB408&"|"&BC408&"|"&BD408 -> #VALUE! | BU408: =IF(BT408<>"||",(IF(COUNTIF(BT408:BT508,BT408)>1, "Duplicate", "Unique")),"No Factor") -> #VALUE! | BV408: =BT408&"|"&BU408 -> #VALUE! | BW408: =IF(RIGHT(BV408,9)="Duplicate","This factor has already been used. Please revise.","") -> #VALUE!
A409: =Overview!B15 -> -- | B409: Low | C409: -0.2 | H409: =COUNTIF($C$8:$C$108,G409) -> 0 | K409: =SUMIFS($F$8:$F$108,$B$8:$B$108,$A$407,$C$8:$C$108,G409)+$K$408 -> 0 | L409: =SUMIFS($F$8:$F$108,$B$8:$B$108,$A$408,$C$8:$C$108,G409)+$L$408 -> 0 | M409: =SUMIFS($F$8:$F$108,$B$8:$B$108,$A$409,$C$8:$C$108,G409)+$M$408 -> 0 | P409: [D] Maturity of management system | Q409: [D] Prior knowledge of the clients management system (e.g. already certified to another standard with LRQA) | R409: [D] Client preparedness for OH&S certification (e.g. already subject to periodical audits by the national authority for a madatory SMS scheme, as per Sereso III Directive) | AF409: =IF(AA409="All Sites",SUMIFS($AD$408:$AD$508,$AA$408:$AA$508,AA409),IF(AA409<>"",(SUMIFS($AD$408:$AD$508,$AA$408:$AA$508,AA409)+$AL$408),"")) | AG409: =Z409&"|"&AA409&"|"&AB409 -> || | AH409: =IF(AG409<>"||",(IF(COUNTIF(AG409:AG509,AG409)>1, "Duplicate", "Unique")),"No Factor") -> No Factor | AI409: =AG409&"|"&AH409 -> |||No Factor | AJ409: =IF(RIGHT(AI409,9)="Duplicate","This factor has already been used. Please revise.","") | AK409: =IF(AND(AA409<>"",AND(AB409=AB408,AA409=AA408)),"This factor has already been used for this Site; please revise","") | AU409: =IF(AP409="All Sites",SUMIFS($AS$408:$AS$508,$AP$408:$AP$508,AP409),IF(AP409<>"",(SUMIFS($AS$408:$AS$508,$AP$408:$AP$508,AP409)+$BA$408),"")) | AV409: =AO409&"|"&AP409&"|"&AQ409 -> || | AW409: =IF(AV409<>"||",(IF(COUNTIF(AV409:AV509,AV409)>1, "Duplicate", "Unique")),"No Factor") -> No Factor | AX409: =AV409&"|"&AW409 -> |||No Factor | AY409: =IF(RIGHT(AX409,9)="Duplicate","This factor has already been used. Please revise.","") | AZ409: =IF(AQ409=$AQ$408,"This factor has already been used for All Sites; please revise","") -> This factor has already been used for All Sites; please revise | BH409: =IF(BC409="All Sites",SUMIFS($BF$408:$BF$508,$BC$408:$BC$508,BC409),IF(BC409<>"",(SUMIFS($BF$408:$BF$508,$BC$408:$BC$508,BC409)+$BJ$408),"")) | BI409: =IF(BU409="Duplicate","This factor has already been used for this site selection; please revise","") | BT409: =BB409&"|"&BC409&"|"&BD409 -> || | BU409: =IF(BT409<>"||",(IF(COUNTIF(BT409:BT509,BT409)>1, "Duplicate", "Unique")),"No Factor") -> No Factor | BV409: =BT409&"|"&BU409 -> |||No Factor | BW409: =IF(RIGHT(BV409,9)="Duplicate","This factor has already been used. Please revise.","")
C410: -0.15 | H410: =COUNTIF($C$8:$C$108,G410) -> 0 | K410: =SUMIFS($F$8:$F$108,$B$8:$B$108,$A$407,$C$8:$C$108,G410)+$K$408 -> 0 | L410: =SUMIFS($F$8:$F$108,$B$8:$B$108,$A$408,$C$8:$C$108,G410)+$L$408 -> 0 | M410: =SUMIFS($F$8:$F$108,$B$8:$B$108,$A$409,$C$8:$C$108,G410)+$M$408 -> 0 | P410: [D] Prior knowledge of the clients management system (e.g. already certified to another standard with LRQA) | Q410: [D] Client preparedness for certification (already certified by 3rd party scheme) | R410: [D] Reduction due to difference of risk/complexity of site vs overall | AF410: =IF(AA410="All Sites",SUMIFS($AD$408:$AD$508,$AA$408:$AA$508,AA410),IF(AA410<>"",(SUMIFS($AD$408:$AD$508,$AA$408:$AA$508,AA410)+$AL$408),"")) | AG410: =Z410&"|"&AA410&"|"&AB410 -> || | AH410: =IF(AG410<>"||",(IF(COUNTIF(AG410:AG510,AG410)>1, "Duplicate", "Unique")),"No Factor") -> No Factor | AI410: =AG410&"|"&AH410 -> |||No Factor | AJ410: =IF(RIGHT(AI410,9)="Duplicate","This factor has already been used. Please revise.","") | AK410: =IF(AND(AA410<>"",AND(AB410=AB409,AA410=AA409)),"This factor has already been used for this Site; please revise","") | AU410: =IF(AP410="All Sites",SUMIFS($AS$408:$AS$508,$AP$408:$AP$508,AP410),IF(AP410<>"",(SUMIFS($AS$408:$AS$508,$AP$408:$AP$508,AP410)+$BA$408),"")) | AV410: =AO410&"|"&AP410&"|"&AQ410 -> || | AW410: =IF(AV410<>"||",(IF(COUNTIF(AV410:AV510,AV410)>1, "Duplicate", "Unique")),"No Factor") -> No Factor | AX410: =AV410&"|"&AW410 -> |||No Factor | AY410: =IF(RIGHT(AX410,9)="Duplicate","This factor has already been used. Please revise.","") | AZ410: =IF(AQ410=$AQ$408,"This factor has already been used for All Sites; please revise","") -> This factor has already been used for All Sites; please revise | BH410: =IF(BC410="All Sites",SUMIFS($BF$408:$BF$508,$BC$408:$BC$508,BC410),IF(BC410<>"",(SUMIFS($BF$408:$BF$508,$BC$408:$BC$508,BC410)+$BJ$408),"")) | BI410: =IF(BU410="Duplicate","This factor has already been used for this site selection; please revise","") | BT410: =BB410&"|"&BC410&"|"&BD410 -> || | BU410: =IF(BT410<>"||",(IF(COUNTIF(BT410:BT510,BT410)>1, "Duplicate", "Unique")),"No Factor") -> No Factor | BV410: =BT410&"|"&BU410 -> |||No Factor | BW410: =IF(RIGHT(BV410,9)="Duplicate","This factor has already been used. Please revise.","")
C411: -0.1 | H411: =COUNTIF($C$8:$C$108,G411) -> 0 | K411: =SUMIFS($F$8:$F$108,$B$8:$B$108,$A$407,$C$8:$C$108,G411)+$K$408 -> 0 | L411: =SUMIFS($F$8:$F$108,$B$8:$B$108,$A$408,$C$8:$C$108,G411)+$L$408 -> 0 | M411: =SUMIFS($F$8:$F$108,$B$8:$B$108,$A$409,$C$8:$C$108,G411)+$M$408 -> 0 | P411: [D] Client preparedness for certification (already certified by 3rd party scheme) | Q411: [D] High level of automation | R411: [D] Other | AF411: =IF(AA411="All Sites",SUMIFS($AD$408:$AD$508,$AA$408:$AA$508,AA411),IF(AA411<>"",(SUMIFS($AD$408:$AD$508,$AA$408:$AA$508,AA411)+$AL$408),"")) | AG411: =Z411&"|"&AA411&"|"&AB411 -> || | AH411: =IF(AG411<>"||",(IF(COUNTIF(AG411:AG511,AG411)>1, "Duplicate", "Unique")),"No Factor") -> No Factor | AI411: =AG411&"|"&AH411 -> |||No Factor | AJ411: =IF(RIGHT(AI411,9)="Duplicate","This factor has already been used. Please revise.","") | AK411: =IF(AND(AA411<>"",AND(AB411=AB410,AA411=AA410)),"This factor has already been used for this Site; please revise","") | AU411: =IF(AP411="All Sites",SUMIFS($AS$408:$AS$508,$AP$408:$AP$508,AP411),IF(AP411<>"",(SUMIFS($AS$408:$AS$508,$AP$408:$AP$508,AP411)+$BA$408),"")) | AV411: =AO411&"|"&AP411&"|"&AQ411 -> || | AW411: =IF(AV411<>"||",(IF(COUNTIF(AV411:AV511,AV411)>1, "Duplicate", "Unique")),"No Factor") -> No Factor | AX411: =AV411&"|"&AW411 -> |||No Factor | AY411: =IF(RIGHT(AX411,9)="Duplicate","This factor has already been used. Please revise.","") | AZ411: =IF(AQ411=$AQ$408,"This factor has already been used for All Sites; please revise","") -> This factor has already been used for All Sites; please revise | BH411: =IF(BC411="All Sites",SUMIFS($BF$408:$BF$508,$BC$408:$BC$508,BC411),IF(BC411<>"",(SUMIFS($BF$408:$BF$508,$BC$408:$BC$508,BC411)+$BJ$408),"")) | BI411: =IF(BU411="Duplicate","This factor has already been used for this site selection; please revise","") | BT411: =BB411&"|"&BC411&"|"&BD411 -> || | BU411: =IF(BT411<>"||",(IF(COUNTIF(BT411:BT511,BT411)>1, "Duplicate", "Unique")),"No Factor") -> No Factor | BV411: =BT411&"|"&BU411 -> |||No Factor | BW411: =IF(RIGHT(BV411,9)="Duplicate","This factor has already been used. Please revise.","")
C412: -0.05 | H412: =COUNTIF($C$8:$C$108,G412) -> 0 | K412: =SUMIFS($F$8:$F$108,$B$8:$B$108,$A$407,$C$8:$C$108,G412)+$K$408 -> 0 | L412: =SUMIFS($F$8:$F$108,$B$8:$B$108,$A$408,$C$8:$C$108,G412)+$L$408 -> 0 | M412: =SUMIFS($F$8:$F$108,$B$8:$B$108,$A$409,$C$8:$C$108,G412)+$M$408 -> 0 | P412: [D] High level of automation | Q412: [D] Where staff include a number of people who work off location (e.g. sales person, drivers, service personnel, etc.) possible to audit through review of records. | R412: [I] Complicated logistics involving more than one building or location where work is carried out (e.g. a separate design centre must be audited) | AF412: =IF(AA412="All Sites",SUMIFS($AD$408:$AD$508,$AA$408:$AA$508,AA412),IF(AA412<>"",(SUMIFS($AD$408:$AD$508,$AA$408:$AA$508,AA412)+$AL$408),"")) | AG412: =Z412&"|"&AA412&"|"&AB412 -> || | AH412: =IF(AG412<>"||",(IF(COUNTIF(AG412:AG512,AG412)>1, "Duplicate", "Unique")),"No Factor") -> No Factor | AI412: =AG412&"|"&AH412 -> |||No Factor | AJ412: =IF(RIGHT(AI412,9)="Duplicate","This factor has already been used. Please revise.","") | AK412: =IF(AND(AA412<>"",AND(AB412=AB411,AA412=AA411)),"This factor has already been used for this Site; please revise","") | AU412: =IF(AP412="All Sites",SUMIFS($AS$408:$AS$508,$AP$408:$AP$508,AP412),IF(AP412<>"",(SUMIFS($AS$408:$AS$508,$AP$408:$AP$508,AP412)+$BA$408),"")) | AV412: =AO412&"|"&AP412&"|"&AQ412 -> || | AW412: =IF(AV412<>"||",(IF(COUNTIF(AV412:AV512,AV412)>1, "Duplicate", "Unique")),"No Factor") -> No Factor | AX412: =AV412&"|"&AW412 -> |||No Factor | AY412: =IF(RIGHT(AX412,9)="Duplicate","This factor has already been used. Please revise.","") | AZ412: =IF(AQ412=$AQ$408,"This factor has already been used for All Sites; please revise","") -> This factor has already been used for All Sites; please revise | BH412: =IF(BC412="All Sites",SUMIFS($BF$408:$BF$508,$BC$408:$BC$508,BC412),IF(BC412<>"",(SUMIFS($BF$408:$BF$508,$BC$408:$BC$508,BC412)+$BJ$408),"")) | BI412: =IF(BU412="Duplicate","This factor has already been used for this site selection; please revise","") | BT412: =BB412&"|"&BC412&"|"&BD412 -> || | BU412: =IF(BT412<>"||",(IF(COUNTIF(BT412:BT512,BT412)>1, "Duplicate", "Unique")),"No Factor") -> No Factor | BV412: =BT412&"|"&BU412 -> |||No Factor | BW412: =IF(RIGHT(BV412,9)="Duplicate","This factor has already been used. Please revise.","")
C413: 0 | H413: =COUNTIF($C$8:$C$108,G413) -> 0 | K413: =SUMIFS($F$8:$F$108,$B$8:$B$108,$A$407,$C$8:$C$108,G413)+$K$408 -> 0 | L413: =SUMIFS($F$8:$F$108,$B$8:$B$108,$A$408,$C$8:$C$108,G413)+$L$408 -> 0 | M413: =SUMIFS($F$8:$F$108,$B$8:$B$108,$A$409,$C$8:$C$108,G413)+$M$408 -> 0 | P413: [D] Where staff include a number of people who work off location (e.g. sales person, drivers, service personnel, etc.) possible to audit through review of records. | Q413: [D] Activities considered to be of low risk | R413: [I] Staff speaking in more than one language (requiring interpreter(s) or preventing individual auditors from working independantly) | AF413: =IF(AA413="All Sites",SUMIFS($AD$408:$AD$508,$AA$408:$AA$508,AA413),IF(AA413<>"",(SUMIFS($AD$408:$AD$508,$AA$408:$AA$508,AA413)+$AL$408),"")) | AG413: =Z413&"|"&AA413&"|"&AB413 -> || | AH413: =IF(AG413<>"||",(IF(COUNTIF(AG413:AG513,AG413)>1, "Duplicate", "Unique")),"No Factor") -> No Factor | AI413: =AG413&"|"&AH413 -> |||No Factor | AJ413: =IF(RIGHT(AI413,9)="Duplicate","This factor has already been used. Please revise.","") | AK413: =IF(AND(AA413<>"",AND(AB413=AB412,AA413=AA412)),"This factor has already been used for this Site; please revise","") | AU413: =IF(AP413="All Sites",SUMIFS($AS$408:$AS$508,$AP$408:$AP$508,AP413),IF(AP413<>"",(SUMIFS($AS$408:$AS$508,$AP$408:$AP$508,AP413)+$BA$408),"")) | AV413: =AO413&"|"&AP413&"|"&AQ413 -> || | AW413: =IF(AV413<>"||",(IF(COUNTIF(AV413:AV513,AV413)>1, "Duplicate", "Unique")),"No Factor") -> No Factor | AX413: =AV413&"|"&AW413 -> |||No Factor | AY413: =IF(RIGHT(AX413,9)="Duplicate","This factor has already been used. Please revise.","") | AZ413: =IF(AQ413=$AQ$408,"This factor has already been used for All Sites; please revise","") -> This factor has already been used for All Sites; please revise | BH413: =IF(BC413="All Sites",SUMIFS($BF$408:$BF$508,$BC$408:$BC$508,BC413),IF(BC413<>"",(SUMIFS($BF$408:$BF$508,$BC$408:$BC$508,BC413)+$BJ$408),"")) | BI413: =IF(BU413="Duplicate","This factor has already been used for this site selection; please revise","") | BT413: =BB413&"|"&BC413&"|"&BD413 -> || | BU413: =IF(BT413<>"||",(IF(COUNTIF(BT413:BT513,BT413)>1, "Duplicate", "Unique")),"No Factor") -> No Factor | BV413: =BT413&"|"&BU413 -> |||No Factor | BW413: =IF(RIGHT(BV413,9)="Duplicate","This factor has already been used. Please revise.","")
C414: 0.05 | H414: =COUNTIF($C$8:$C$108,G414) -> 0 | K414: =SUMIFS($F$8:$F$108,$B$8:$B$108,$A$407,$C$8:$C$108,G414)+$K$408 -> 0 | L414: =SUMIFS($F$8:$F$108,$B$8:$B$108,$A$408,$C$8:$C$108,G414)+$L$408 -> 0 | M414: =SUMIFS($F$8:$F$108,$B$8:$B$108,$A$409,$C$8:$C$108,G414)+$M$408 -> 0 | P414: [D] Activities considered to be of low risk | Q414: [D] Process involving similar and/or repetitive activities | R414: [I] Very large site for the number of personnel (e.g. forest) | AF414: =IF(AA414="All Sites",SUMIFS($AD$408:$AD$508,$AA$408:$AA$508,AA414),IF(AA414<>"",(SUMIFS($AD$408:$AD$508,$AA$408:$AA$508,AA414)+$AL$408),"")) | AG414: =Z414&"|"&AA414&"|"&AB414 -> || | AH414: =IF(AG414<>"||",(IF(COUNTIF(AG414:AG514,AG414)>1, "Duplicate", "Unique")),"No Factor") -> No Factor | AI414: =AG414&"|"&AH414 -> |||No Factor | AJ414: =IF(RIGHT(AI414,9)="Duplicate","This factor has already been used. Please revise.","") | AK414: =IF(AND(AA414<>"",AND(AB414=AB413,AA414=AA413)),"This factor has already been used for this Site; please revise","") | AU414: =IF(AP414="All Sites",SUMIFS($AS$408:$AS$508,$AP$408:$AP$508,AP414),IF(AP414<>"",(SUMIFS($AS$408:$AS$508,$AP$408:$AP$508,AP414)+$BA$408),"")) | AV414: =AO414&"|"&AP414&"|"&AQ414 -> || | AW414: =IF(AV414<>"||",(IF(COUNTIF(AV414:AV514,AV414)>1, "Duplicate", "Unique")),"No Factor") -> No Factor | AX414: =AV414&"|"&AW414 -> |||No Factor | AY414: =IF(RIGHT(AX414,9)="Duplicate","This factor has already been used. Please revise.","") | AZ414: =IF(AQ414=$AQ$408,"This factor has already been used for All Sites; please revise","") -> This factor has already been used for All Sites; please revise | BH414: =IF(BC414="All Sites",SUMIFS($BF$408:$BF$508,$BC$408:$BC$508,BC414),IF(BC414<>"",(SUMIFS($BF$408:$BF$508,$BC$408:$BC$508,BC414)+$BJ$408),"")) | BI414: =IF(BU414="Duplicate","This factor has already been used for this site selection; please revise","") | BT414: =BB414&"|"&BC414&"|"&BD414 -> || | BU414: =IF(BT414<>"||",(IF(COUNTIF(BT414:BT514,BT414)>1, "Duplicate", "Unique")),"No Factor") -> No Factor | BV414: =BT414&"|"&BU414 -> |||No Factor | BW414: =IF(RIGHT(BV414,9)="Duplicate","This factor has already been used. Please revise.","")
C415: 0.1 | H415: =COUNTIF($C$8:$C$108,G415) -> 0 | K415: =SUMIFS($F$8:$F$108,$B$8:$B$108,$A$407,$C$8:$C$108,G415)+$K$408 -> 0 | L415: =SUMIFS($F$8:$F$108,$B$8:$B$108,$A$408,$C$8:$C$108,G415)+$L$408 -> 0 | M415: =SUMIFS($F$8:$F$108,$B$8:$B$108,$A$409,$C$8:$C$108,G415)+$M$408 -> 0 | P415: [D] Process involving similar and/or repetitive activities | Q415: [D] Identical activities of low complexity performed on all shifts with appropriate evidence of equivilent performance on shift | R415: [I] High degree of regulation (e.g. food, drugs, aerospace, nuclear power, etc.) | AF415: =IF(AA415="All Sites",SUMIFS($AD$408:$AD$508,$AA$408:$AA$508,AA415),IF(AA415<>"",(SUMIFS($AD$408:$AD$508,$AA$408:$AA$508,AA415)+$AL$408),"")) | AG415: =Z415&"|"&AA415&"|"&AB415 -> || | AH415: =IF(AG415<>"||",(IF(COUNTIF(AG415:AG515,AG415)>1, "Duplicate", "Unique")),"No Factor") -> No Factor | AI415: =AG415&"|"&AH415 -> |||No Factor | AJ415: =IF(RIGHT(AI415,9)="Duplicate","This factor has already been used. Please revise.","") | AK415: =IF(AND(AA415<>"",AND(AB415=AB414,AA415=AA414)),"This factor has already been used for this Site; please revise","") | AU415: =IF(AP415="All Sites",SUMIFS($AS$408:$AS$508,$AP$408:$AP$508,AP415),IF(AP415<>"",(SUMIFS($AS$408:$AS$508,$AP$408:$AP$508,AP415)+$BA$408),"")) | AV415: =AO415&"|"&AP415&"|"&AQ415 -> || | AW415: =IF(AV415<>"||",(IF(COUNTIF(AV415:AV515,AV415)>1, "Duplicate", "Unique")),"No Factor") -> No Factor | AX415: =AV415&"|"&AW415 -> |||No Factor | AY415: =IF(RIGHT(AX415,9)="Duplicate","This factor has already been used. Please revise.","") | AZ415: =IF(AQ415=$AQ$408,"This factor has already been used for All Sites; please revise","") -> This factor has already been used for All Sites; please revise | BH415: =IF(BC415="All Sites",SUMIFS($BF$408:$BF$508,$BC$408:$BC$508,BC415),IF(BC415<>"",(SUMIFS($BF$408:$BF$508,$BC$408:$BC$508,BC415)+$BJ$408),"")) | BI415: =IF(BU415="Duplicate","This factor has already been used for this site selection; please revise","") | BT415: =BB415&"|"&BC415&"|"&BD415 -> || | BU415: =IF(BT415<>"||",(IF(COUNTIF(BT415:BT515,BT415)>1, "Duplicate", "Unique")),"No Factor") -> No Factor | BV415: =BT415&"|"&BU415 -> |||No Factor | BW415: =IF(RIGHT(BV415,9)="Duplicate","This factor has already been used. Please revise.","")
C416: 0.15 | H416: =COUNTIF($C$8:$C$108,G416) -> 0 | K416: =SUMIFS($F$8:$F$108,$B$8:$B$108,$A$407,$C$8:$C$108,G416)+$K$408 -> 0 | L416: =SUMIFS($F$8:$F$108,$B$8:$B$108,$A$408,$C$8:$C$108,G416)+$L$408 -> 0 | M416: =SUMIFS($F$8:$F$108,$B$8:$B$108,$A$409,$C$8:$C$108,G416)+$M$408 -> 0 | P416: [D] Identical activities of low complexity performed on all shifts with appropriate evidence of equivilent performance on shift | Q416: [D] Reduction due to difference of risk/complexity of site vs overall | R416: [I] System covers highly complex processes or relatively high number of unique activities | AF416: =IF(AA416="All Sites",SUMIFS($AD$408:$AD$508,$AA$408:$AA$508,AA416),IF(AA416<>"",(SUMIFS($AD$408:$AD$508,$AA$408:$AA$508,AA416)+$AL$408),"")) | AG416: =Z416&"|"&AA416&"|"&AB416 -> || | AH416: =IF(AG416<>"||",(IF(COUNTIF(AG416:AG516,AG416)>1, "Duplicate", "Unique")),"No Factor") -> No Factor | AI416: =AG416&"|"&AH416 -> |||No Factor | AJ416: =IF(RIGHT(AI416,9)="Duplicate","This factor has already been used. Please revise.","") | AK416: =IF(AND(AA416<>"",AND(AB416=AB415,AA416=AA415)),"This factor has already been used for this Site; please revise","") | AU416: =IF(AP416="All Sites",SUMIFS($AS$408:$AS$508,$AP$408:$AP$508,AP416),IF(AP416<>"",(SUMIFS($AS$408:$AS$508,$AP$408:$AP$508,AP416)+$BA$408),"")) | AV416: =AO416&"|"&AP416&"|"&AQ416 -> || | AW416: =IF(AV416<>"||",(IF(COUNTIF(AV416:AV516,AV416)>1, "Duplicate", "Unique")),"No Factor") -> No Factor | AX416: =AV416&"|"&AW416 -> |||No Factor | AY416: =IF(RIGHT(AX416,9)="Duplicate","This factor has already been used. Please revise.","") | AZ416: =IF(AQ416=$AQ$408,"This factor has already been used for All Sites; please revise","") -> This factor has already been used for All Sites; please revise | BH416: =IF(BC416="All Sites",SUMIFS($BF$408:$BF$508,$BC$408:$BC$508,BC416),IF(BC416<>"",(SUMIFS($BF$408:$BF$508,$BC$408:$BC$508,BC416)+$BJ$408),"")) | BI416: =IF(BU416="Duplicate","This factor has already been used for this site selection; please revise","") | BT416: =BB416&"|"&BC416&"|"&BD416 -> || | BU416: =IF(BT416<>"||",(IF(COUNTIF(BT416:BT516,BT416)>1, "Duplicate", "Unique")),"No Factor") -> No Factor | BV416: =BT416&"|"&BU416 -> |||No Factor | BW416: =IF(RIGHT(BV416,9)="Duplicate","This factor has already been used. Please revise.","")
C417: 0.2 | H417: =COUNTIF($C$8:$C$108,G417) -> 0 | K417: =SUMIFS($F$8:$F$108,$B$8:$B$108,$A$407,$C$8:$C$108,G417)+$K$408 -> 0 | L417: =SUMIFS($F$8:$F$108,$B$8:$B$108,$A$408,$C$8:$C$108,G417)+$L$408 -> 0 | M417: =SUMIFS($F$8:$F$108,$B$8:$B$108,$A$409,$C$8:$C$108,G417)+$M$408 -> 0 | P417: [D] Reduction due to difference of risk/complexity of site vs overall | Q417: [D] Other | R417: [I] Activities that require visiting temporary sites to confirm the activities of the permanent site(s) whose management system is subject to certification | AF417: =IF(AA417="All Sites",SUMIFS($AD$408:$AD$508,$AA$408:$AA$508,AA417),IF(AA417<>"",(SUMIFS($AD$408:$AD$508,$AA$408:$AA$508,AA417)+$AL$408),"")) | AG417: =Z417&"|"&AA417&"|"&AB417 -> || | AH417: =IF(AG417<>"||",(IF(COUNTIF(AG417:AG517,AG417)>1, "Duplicate", "Unique")),"No Factor") -> No Factor | AI417: =AG417&"|"&AH417 -> |||No Factor | AJ417: =IF(RIGHT(AI417,9)="Duplicate","This factor has already been used. Please revise.","") | AK417: =IF(AND(AA417<>"",AND(AB417=AB416,AA417=AA416)),"This factor has already been used for this Site; please revise","") | AU417: =IF(AP417="All Sites",SUMIFS($AS$408:$AS$508,$AP$408:$AP$508,AP417),IF(AP417<>"",(SUMIFS($AS$408:$AS$508,$AP$408:$AP$508,AP417)+$BA$408),"")) | AV417: =AO417&"|"&AP417&"|"&AQ417 -> || | AW417: =IF(AV417<>"||",(IF(COUNTIF(AV417:AV517,AV417)>1, "Duplicate", "Unique")),"No Factor") -> No Factor | AX417: =AV417&"|"&AW417 -> |||No Factor | AY417: =IF(RIGHT(AX417,9)="Duplicate","This factor has already been used. Please revise.","") | AZ417: =IF(AQ417=$AQ$408,"This factor has already been used for All Sites; please revise","") -> This factor has already been used for All Sites; please revise | BH417: =IF(BC417="All Sites",SUMIFS($BF$408:$BF$508,$BC$408:$BC$508,BC417),IF(BC417<>"",(SUMIFS($BF$408:$BF$508,$BC$408:$BC$508,BC417)+$BJ$408),"")) | BI417: =IF(BU417="Duplicate","This factor has already been used for this site selection; please revise","") | BT417: =BB417&"|"&BC417&"|"&BD417 -> || | BU417: =IF(BT417<>"||",(IF(COUNTIF(BT417:BT517,BT417)>1, "Duplicate", "Unique")),"No Factor") -> No Factor | BV417: =BT417&"|"&BU417 -> |||No Factor | BW417: =IF(RIGHT(BV417,9)="Duplicate","This factor has already been used. Please revise.","")
C418: 0.25 | H418: =COUNTIF($C$8:$C$108,G418) -> 0 | K418: =SUMIFS($F$8:$F$108,$B$8:$B$108,$A$407,$C$8:$C$108,G418)+$K$408 -> 0 | L418: =SUMIFS($F$8:$F$108,$B$8:$B$108,$A$408,$C$8:$C$108,G418)+$L$408 -> 0 | M418: =SUMIFS($F$8:$F$108,$B$8:$B$108,$A$409,$C$8:$C$108,G418)+$M$408 -> 0 | P418: [D] Other | Q418: [I] Complicated logistics involving more than one building or location where work is carried out (e.g. a separate design centre must be audited) | R418: [I] Outsourced functions or processes | AF418: =IF(AA418="All Sites",SUMIFS($AD$408:$AD$508,$AA$408:$AA$508,AA418),IF(AA418<>"",(SUMIFS($AD$408:$AD$508,$AA$408:$AA$508,AA418)+$AL$408),"")) | AG418: =Z418&"|"&AA418&"|"&AB418 -> || | AH418: =IF(AG418<>"||",(IF(COUNTIF(AG418:AG518,AG418)>1, "Duplicate", "Unique")),"No Factor") -> No Factor | AI418: =AG418&"|"&AH418 -> |||No Factor | AJ418: =IF(RIGHT(AI418,9)="Duplicate","This factor has already been used. Please revise.","") | AK418: =IF(AND(AA418<>"",AND(AB418=AB417,AA418=AA417)),"This factor has already been used for this Site; please revise","") | AU418: =IF(AP418="All Sites",SUMIFS($AS$408:$AS$508,$AP$408:$AP$508,AP418),IF(AP418<>"",(SUMIFS($AS$408:$AS$508,$AP$408:$AP$508,AP418)+$BA$408),"")) | AV418: =AO418&"|"&AP418&"|"&AQ418 -> || | AW418: =IF(AV418<>"||",(IF(COUNTIF(AV418:AV518,AV418)>1, "Duplicate", "Unique")),"No Factor") -> No Factor | AX418: =AV418&"|"&AW418 -> |||No Factor | AY418: =IF(RIGHT(AX418,9)="Duplicate","This factor has already been used. Please revise.","") | AZ418: =IF(AQ418=$AQ$408,"This factor has already been used for All Sites; please revise","") -> This factor has already been used for All Sites; please revise | BH418: =IF(BC418="All Sites",SUMIFS($BF$408:$BF$508,$BC$408:$BC$508,BC418),IF(BC418<>"",(SUMIFS($BF$408:$BF$508,$BC$408:$BC$508,BC418)+$BJ$408),"")) | BI418: =IF(BU418="Duplicate","This factor has already been used for this site selection; please revise","") | BT418: =BB418&"|"&BC418&"|"&BD418 -> || | BU418: =IF(BT418<>"||",(IF(COUNTIF(BT418:BT518,BT418)>1, "Duplicate", "Unique")),"No Factor") -> No Factor | BV418: =BT418&"|"&BU418 -> |||No Factor | BW418: =IF(RIGHT(BV418,9)="Duplicate","This factor has already been used. Please revise.","")
C419: 0.3 | H419: =COUNTIF($C$8:$C$108,G419) -> 0 | K419: =SUMIFS($F$8:$F$108,$B$8:$B$108,$A$407,$C$8:$C$108,G419)+$K$408 -> 0 | L419: =SUMIFS($F$8:$F$108,$B$8:$B$108,$A$408,$C$8:$C$108,G419)+$L$408 -> 0 | M419: =SUMIFS($F$8:$F$108,$B$8:$B$108,$A$409,$C$8:$C$108,G419)+$M$408 -> 0 | P419: [I] Complicated logistics involving more than one building or location where work is carried out (e.g. a separate design centre must be audited) | Q419: [I] Staff speaking in more than one language (requiring interpreter(s) or preventing individual auditors from working independantly) | R419: [I] Higher sensitivity of receiving enviroment compared to typical location | AF419: =IF(AA419="All Sites",SUMIFS($AD$408:$AD$508,$AA$408:$AA$508,AA419),IF(AA419<>"",(SUMIFS($AD$408:$AD$508,$AA$408:$AA$508,AA419)+$AL$408),"")) | AG419: =Z419&"|"&AA419&"|"&AB419 -> || | AH419: =IF(AG419<>"||",(IF(COUNTIF(AG419:AG519,AG419)>1, "Duplicate", "Unique")),"No Factor") -> No Factor | AI419: =AG419&"|"&AH419 -> |||No Factor | AJ419: =IF(RIGHT(AI419,9)="Duplicate","This factor has already been used. Please revise.","") | AK419: =IF(AND(AA419<>"",AND(AB419=AB418,AA419=AA418)),"This factor has already been used for this Site; please revise","") | AU419: =IF(AP419="All Sites",SUMIFS($AS$408:$AS$508,$AP$408:$AP$508,AP419),IF(AP419<>"",(SUMIFS($AS$408:$AS$508,$AP$408:$AP$508,AP419)+$BA$408),"")) | AV419: =AO419&"|"&AP419&"|"&AQ419 -> || | AW419: =IF(AV419<>"||",(IF(COUNTIF(AV419:AV519,AV419)>1, "Duplicate", "Unique")),"No Factor") -> No Factor | AX419: =AV419&"|"&AW419 -> |||No Factor | AY419: =IF(RIGHT(AX419,9)="Duplicate","This factor has already been used. Please revise.","") | AZ419: =IF(AQ419=$AQ$408,"This factor has already been used for All Sites; please revise","") -> This factor has already been used for All Sites; please revise | BH419: =IF(BC419="All Sites",SUMIFS($BF$408:$BF$508,$BC$408:$BC$508,BC419),IF(BC419<>"",(SUMIFS($BF$408:$BF$508,$BC$408:$BC$508,BC419)+$BJ$408),"")) | BI419: =IF(BU419="Duplicate","This factor has already been used for this site selection; please revise","") | BT419: =BB419&"|"&BC419&"|"&BD419 -> || | BU419: =IF(BT419<>"||",(IF(COUNTIF(BT419:BT519,BT419)>1, "Duplicate", "Unique")),"No Factor") -> No Factor | BV419: =BT419&"|"&BU419 -> |||No Factor | BW419: =IF(RIGHT(BV419,9)="Duplicate","This factor has already been used. Please revise.","")
C420: 0.35 | H420: =COUNTIF($C$8:$C$108,G420) -> 0 | K420: =SUMIFS($F$8:$F$108,$B$8:$B$108,$A$407,$C$8:$C$108,G420)+$K$408 -> 0 | L420: =SUMIFS($F$8:$F$108,$B$8:$B$108,$A$408,$C$8:$C$108,G420)+$L$408 -> 0 | M420: =SUMIFS($F$8:$F$108,$B$8:$B$108,$A$409,$C$8:$C$108,G420)+$M$408 -> 0 | P420: [I] Staff speaking in more than one language (requiring interpreter(s) or preventing individual auditors from working independantly) | Q420: [I] Very large site for the number of personnel (e.g. forest) | R420: [I] Views of interested parties | AF420: =IF(AA420="All Sites",SUMIFS($AD$408:$AD$508,$AA$408:$AA$508,AA420),IF(AA420<>"",(SUMIFS($AD$408:$AD$508,$AA$408:$AA$508,AA420)+$AL$408),"")) | AG420: =Z420&"|"&AA420&"|"&AB420 -> || | AH420: =IF(AG420<>"||",(IF(COUNTIF(AG420:AG520,AG420)>1, "Duplicate", "Unique")),"No Factor") -> No Factor | AI420: =AG420&"|"&AH420 -> |||No Factor | AJ420: =IF(RIGHT(AI420,9)="Duplicate","This factor has already been used. Please revise.","") | AK420: =IF(AND(AA420<>"",AND(AB420=AB419,AA420=AA419)),"This factor has already been used for this Site; please revise","") | AU420: =IF(AP420="All Sites",SUMIFS($AS$408:$AS$508,$AP$408:$AP$508,AP420),IF(AP420<>"",(SUMIFS($AS$408:$AS$508,$AP$408:$AP$508,AP420)+$BA$408),"")) | AV420: =AO420&"|"&AP420&"|"&AQ420 -> || | AW420: =IF(AV420<>"||",(IF(COUNTIF(AV420:AV520,AV420)>1, "Duplicate", "Unique")),"No Factor") -> No Factor | AX420: =AV420&"|"&AW420 -> |||No Factor | AY420: =IF(RIGHT(AX420,9)="Duplicate","This factor has already been used. Please revise.","") | AZ420: =IF(AQ420=$AQ$408,"This factor has already been used for All Sites; please revise","") -> This factor has already been used for All Sites; please revise | BH420: =IF(BC420="All Sites",SUMIFS($BF$408:$BF$508,$BC$408:$BC$508,BC420),IF(BC420<>"",(SUMIFS($BF$408:$BF$508,$BC$408:$BC$508,BC420)+$BJ$408),"")) | BI420: =IF(BU420="Duplicate","This factor has already been used for this site selection; please revise","") | BT420: =BB420&"|"&BC420&"|"&BD420 -> || | BU420: =IF(BT420<>"||",(IF(COUNTIF(BT420:BT520,BT420)>1, "Duplicate", "Unique")),"No Factor") -> No Factor | BV420: =BT420&"|"&BU420 -> |||No Factor | BW420: =IF(RIGHT(BV420,9)="Duplicate","This factor has already been used. Please revise.","")
C421: 0.4 | H421: =COUNTIF($C$8:$C$108,G421) -> 0 | K421: =SUMIFS($F$8:$F$108,$B$8:$B$108,$A$407,$C$8:$C$108,G421)+$K$408 -> 0 | L421: =SUMIFS($F$8:$F$108,$B$8:$B$108,$A$408,$C$8:$C$108,G421)+$L$408 -> 0 | M421: =SUMIFS($F$8:$F$108,$B$8:$B$108,$A$409,$C$8:$C$108,G421)+$M$408 -> 0 | P421: [I] Very large site for the number of personnel (e.g. forest) | Q421: [I] High degree of regulation (e.g. food, drugs, aerospace, nuclear power, etc.) | R421: [I] Accident rate higher than average for the business sector | AF421: =IF(AA421="All Sites",SUMIFS($AD$408:$AD$508,$AA$408:$AA$508,AA421),IF(AA421<>"",(SUMIFS($AD$408:$AD$508,$AA$408:$AA$508,AA421)+$AL$408),"")) | AG421: =Z421&"|"&AA421&"|"&AB421 -> || | AH421: =IF(AG421<>"||",(IF(COUNTIF(AG421:AG521,AG421)>1, "Duplicate", "Unique")),"No Factor") -> No Factor | AI421: =AG421&"|"&AH421 -> |||No Factor | AJ421: =IF(RIGHT(AI421,9)="Duplicate","This factor has already been used. Please revise.","") | AK421: =IF(AND(AA421<>"",AND(AB421=AB420,AA421=AA420)),"This factor has already been used for this Site; please revise","") | AU421: =IF(AP421="All Sites",SUMIFS($AS$408:$AS$508,$AP$408:$AP$508,AP421),IF(AP421<>"",(SUMIFS($AS$408:$AS$508,$AP$408:$AP$508,AP421)+$BA$408),"")) | AV421: =AO421&"|"&AP421&"|"&AQ421 -> || | AW421: =IF(AV421<>"||",(IF(COUNTIF(AV421:AV521,AV421)>1, "Duplicate", "Unique")),"No Factor") -> No Factor | AX421: =AV421&"|"&AW421 -> |||No Factor | AY421: =IF(RIGHT(AX421,9)="Duplicate","This factor has already been used. Please revise.","") | AZ421: =IF(AQ421=$AQ$408,"This factor has already been used for All Sites; please revise","") -> This factor has already been used for All Sites; please revise | BH421: =IF(BC421="All Sites",SUMIFS($BF$408:$BF$508,$BC$408:$BC$508,BC421),IF(BC421<>"",(SUMIFS($BF$408:$BF$508,$BC$408:$BC$508,BC421)+$BJ$408),"")) | BI421: =IF(BU421="Duplicate","This factor has already been used for this site selection; please revise","") | BT421: =BB421&"|"&BC421&"|"&BD421 -> || | BU421: =IF(BT421<>"||",(IF(COUNTIF(BT421:BT521,BT421)>1, "Duplicate", "Unique")),"No Factor") -> No Factor | BV421: =BT421&"|"&BU421 -> |||No Factor | BW421: =IF(RIGHT(BV421,9)="Duplicate","This factor has already been used. Please revise.","")
... C423: 0.5 | H423: =COUNTIF($C$8:$C$108,G423) -> 0 | K423: =SUMIFS($F$8:$F$108,$B$8:$B$108,$A$407,$C$8:$C$108,G423)+$K$408 -> 0 | L423: =SUMIFS($F$8:$F$108,$B$8:$B$108,$A$408,$C$8:$C$108,G423)+$L$408 -> 0 | M423: =SUMIFS($F$8:$F$108,$B$8:$B$108,$A$409,$C$8:$C$108,G423)+$M$408 -> 0 | P423: [I] System covers highly complex processes or relatively high number of unique activities | Q423: [I] Activities that require visiting temporary sites to confirm the activities of the permanent site(s) whose management system is subject to certification | R423: [I] The orgaisation is facing legal proceedings related OH&S | AF423: =IF(AA423="All Sites",SUMIFS($AD$408:$AD$508,$AA$408:$AA$508,AA423),IF(AA423<>"",(SUMIFS($AD$408:$AD$508,$AA$408:$AA$508,AA423)+$AL$408),"")) | AG423: =Z423&"|"&AA423&"|"&AB423 -> || | AH423: =IF(AG423<>"||",(IF(COUNTIF(AG423:AG523,AG423)>1, "Duplicate", "Unique")),"No Factor") -> No Factor | AI423: =AG423&"|"&AH423 -> |||No Factor | AJ423: =IF(RIGHT(AI423,9)="Duplicate","This factor has already been used. Please revise.","") | AK423: =IF(AND(AA423<>"",AND(AB423=AB422,AA423=AA422)),"This factor has already been used for this Site; please revise","") | AU423: =IF(AP423="All Sites",SUMIFS($AS$408:$AS$508,$AP$408:$AP$508,AP423),IF(AP423<>"",(SUMIFS($AS$408:$AS$508,$AP$408:$AP$508,AP423)+$BA$408),"")) | AV423: =AO423&"|"&AP423&"|"&AQ423 -> || | AW423: =IF(AV423<>"||",(IF(COUNTIF(AV423:AV523,AV423)>1, "Duplicate", "Unique")),"No Factor") -> No Factor | AX423: =AV423&"|"&AW423 -> |||No Factor | AY423: =IF(RIGHT(AX423,9)="Duplicate","This factor has already been used. Please revise.","") | AZ423: =IF(AQ423=$AQ$408,"This factor has already been used for All Sites; please revise","") -> This factor has already been used for All Sites; please revise | BH423: =IF(BC423="All Sites",SUMIFS($BF$408:$BF$508,$BC$408:$BC$508,BC423),IF(BC423<>"",(SUMIFS($BF$408:$BF$508,$BC$408:$BC$508,BC423)+$BJ$408),"")) | BI423: =IF(BU423="Duplicate","This factor has already been used for this site selection; please revise","") | BT423: =BB423&"|"&BC423&"|"&BD423 -> || | BU423: =IF(BT423<>"||",(IF(COUNTIF(BT423:BT523,BT423)>1, "Duplicate", "Unique")),"No Factor") -> No Factor | BV423: =BT423&"|"&BU423 -> |||No Factor | BW423: =IF(RIGHT(BV423,9)="Duplicate","This factor has already been used. Please revise.","")
H424: =COUNTIF($C$8:$C$108,G424) -> 0 | K424: =SUMIFS($F$8:$F$108,$B$8:$B$108,$A$407,$C$8:$C$108,G424)+$K$408 -> 0 | L424: =SUMIFS($F$8:$F$108,$B$8:$B$108,$A$408,$C$8:$C$108,G424)+$L$408 -> 0 | M424: =SUMIFS($F$8:$F$108,$B$8:$B$108,$A$409,$C$8:$C$108,G424)+$M$408 -> 0 | P424: [I] Activities that require visiting temporary sites to confirm the activities of the permanent site(s) whose management system is subject to certification | Q424: [I] Outsourced functions or processes | R424: [I] The presence of many (sub)contractors causing an increase in the complexity or OH&S risk | AF424: =IF(AA424="All Sites",SUMIFS($AD$408:$AD$508,$AA$408:$AA$508,AA424),IF(AA424<>"",(SUMIFS($AD$408:$AD$508,$AA$408:$AA$508,AA424)+$AL$408),"")) | AG424: =Z424&"|"&AA424&"|"&AB424 -> || | AH424: =IF(AG424<>"||",(IF(COUNTIF(AG424:AG524,AG424)>1, "Duplicate", "Unique")),"No Factor") -> No Factor | AI424: =AG424&"|"&AH424 -> |||No Factor | AJ424: =IF(RIGHT(AI424,9)="Duplicate","This factor has already been used. Please revise.","") | AK424: =IF(AND(AA424<>"",AND(AB424=AB423,AA424=AA423)),"This factor has already been used for this Site; please revise","") | AU424: =IF(AP424="All Sites",SUMIFS($AS$408:$AS$508,$AP$408:$AP$508,AP424),IF(AP424<>"",(SUMIFS($AS$408:$AS$508,$AP$408:$AP$508,AP424)+$BA$408),"")) | AV424: =AO424&"|"&AP424&"|"&AQ424 -> || | AW424: =IF(AV424<>"||",(IF(COUNTIF(AV424:AV524,AV424)>1, "Duplicate", "Unique")),"No Factor") -> No Factor | AX424: =AV424&"|"&AW424 -> |||No Factor | AY424: =IF(RIGHT(AX424,9)="Duplicate","This factor has already been used. Please revise.","") | AZ424: =IF(AQ424=$AQ$408,"This factor has already been used for All Sites; please revise","") -> This factor has already been used for All Sites; please revise | BH424: =IF(BC424="All Sites",SUMIFS($BF$408:$BF$508,$BC$408:$BC$508,BC424),IF(BC424<>"",(SUMIFS($BF$408:$BF$508,$BC$408:$BC$508,BC424)+$BJ$408),"")) | BI424: =IF(BU424="Duplicate","This factor has already been used for this site selection; please revise","") | BT424: =BB424&"|"&BC424&"|"&BD424 -> || | BU424: =IF(BT424<>"||",(IF(COUNTIF(BT424:BT524,BT424)>1, "Duplicate", "Unique")),"No Factor") -> No Factor | BV424: =BT424&"|"&BU424 -> |||No Factor | BW424: =IF(RIGHT(BV424,9)="Duplicate","This factor has already been used. Please revise.","")
H425: =COUNTIF($C$8:$C$108,G425) -> 0 | K425: =SUMIFS($F$8:$F$108,$B$8:$B$108,$A$407,$C$8:$C$108,G425)+$K$408 -> 0 | L425: =SUMIFS($F$8:$F$108,$B$8:$B$108,$A$408,$C$8:$C$108,G425)+$L$408 -> 0 | M425: =SUMIFS($F$8:$F$108,$B$8:$B$108,$A$409,$C$8:$C$108,G425)+$M$408 -> 0 | P425: [I] Outsourced functions or processes | Q425: [I] Higher sensitivity of receiving enviroment compared to typical location | R425: [I] Where dangerous substances are present in quantities exceeding the threshold in the Seveso III Directive | AF425: =IF(AA425="All Sites",SUMIFS($AD$408:$AD$508,$AA$408:$AA$508,AA425),IF(AA425<>"",(SUMIFS($AD$408:$AD$508,$AA$408:$AA$508,AA425)+$AL$408),"")) | AG425: =Z425&"|"&AA425&"|"&AB425 -> || | AH425: =IF(AG425<>"||",(IF(COUNTIF(AG425:AG525,AG425)>1, "Duplicate", "Unique")),"No Factor") -> No Factor | AI425: =AG425&"|"&AH425 -> |||No Factor | AJ425: =IF(RIGHT(AI425,9)="Duplicate","This factor has already been used. Please revise.","") | AK425: =IF(AND(AA425<>"",AND(AB425=AB424,AA425=AA424)),"This factor has already been used for this Site; please revise","") | AU425: =IF(AP425="All Sites",SUMIFS($AS$408:$AS$508,$AP$408:$AP$508,AP425),IF(AP425<>"",(SUMIFS($AS$408:$AS$508,$AP$408:$AP$508,AP425)+$BA$408),"")) | AV425: =AO425&"|"&AP425&"|"&AQ425 -> || | AW425: =IF(AV425<>"||",(IF(COUNTIF(AV425:AV525,AV425)>1, "Duplicate", "Unique")),"No Factor") -> No Factor | AX425: =AV425&"|"&AW425 -> |||No Factor | AY425: =IF(RIGHT(AX425,9)="Duplicate","This factor has already been used. Please revise.","") | AZ425: =IF(AQ425=$AQ$408,"This factor has already been used for All Sites; please revise","") -> This factor has already been used for All Sites; please revise | BH425: =IF(BC425="All Sites",SUMIFS($BF$408:$BF$508,$BC$408:$BC$508,BC425),IF(BC425<>"",(SUMIFS($BF$408:$BF$508,$BC$408:$BC$508,BC425)+$BJ$408),"")) | BI425: =IF(BU425="Duplicate","This factor has already been used for this site selection; please revise","") | BT425: =BB425&"|"&BC425&"|"&BD425 -> || | BU425: =IF(BT425<>"||",(IF(COUNTIF(BT425:BT525,BT425)>1, "Duplicate", "Unique")),"No Factor") -> No Factor | BV425: =BT425&"|"&BU425 -> |||No Factor | BW425: =IF(RIGHT(BV425,9)="Duplicate","This factor has already been used. Please revise.","")
H426: =COUNTIF($C$8:$C$108,G426) -> 0 | K426: =SUMIFS($F$8:$F$108,$B$8:$B$108,$A$407,$C$8:$C$108,G426)+$K$408 -> 0 | L426: =SUMIFS($F$8:$F$108,$B$8:$B$108,$A$408,$C$8:$C$108,G426)+$L$408 -> 0 | M426: =SUMIFS($F$8:$F$108,$B$8:$B$108,$A$409,$C$8:$C$108,G426)+$M$408 -> 0 | P426: [I] Activities considered to be of high risk | Q426: [I] Views of interested parties | R426: [I] Organisation with sites included in the scope in other countries than the mother site country (if legislation and language are not well known) | AF426: =IF(AA426="All Sites",SUMIFS($AD$408:$AD$508,$AA$408:$AA$508,AA426),IF(AA426<>"",(SUMIFS($AD$408:$AD$508,$AA$408:$AA$508,AA426)+$AL$408),"")) | AG426: =Z426&"|"&AA426&"|"&AB426 -> || | AH426: =IF(AG426<>"||",(IF(COUNTIF(AG426:AG526,AG426)>1, "Duplicate", "Unique")),"No Factor") -> No Factor | AI426: =AG426&"|"&AH426 -> |||No Factor | AJ426: =IF(RIGHT(AI426,9)="Duplicate","This factor has already been used. Please revise.","") | AK426: =IF(AND(AA426<>"",AND(AB426=AB425,AA426=AA425)),"This factor has already been used for this Site; please revise","") | AU426: =IF(AP426="All Sites",SUMIFS($AS$408:$AS$508,$AP$408:$AP$508,AP426),IF(AP426<>"",(SUMIFS($AS$408:$AS$508,$AP$408:$AP$508,AP426)+$BA$408),"")) | AV426: =AO426&"|"&AP426&"|"&AQ426 -> || | AW426: =IF(AV426<>"||",(IF(COUNTIF(AV426:AV526,AV426)>1, "Duplicate", "Unique")),"No Factor") -> No Factor | AX426: =AV426&"|"&AW426 -> |||No Factor | AY426: =IF(RIGHT(AX426,9)="Duplicate","This factor has already been used. Please revise.","") | AZ426: =IF(AQ426=$AQ$408,"This factor has already been used for All Sites; please revise","") -> This factor has already been used for All Sites; please revise | BH426: =IF(BC426="All Sites",SUMIFS($BF$408:$BF$508,$BC$408:$BC$508,BC426),IF(BC426<>"",(SUMIFS($BF$408:$BF$508,$BC$408:$BC$508,BC426)+$BJ$408),"")) | BI426: =IF(BU426="Duplicate","This factor has already been used for this site selection; please revise","") | BT426: =BB426&"|"&BC426&"|"&BD426 -> || | BU426: =IF(BT426<>"||",(IF(COUNTIF(BT426:BT526,BT426)>1, "Duplicate", "Unique")),"No Factor") -> No Factor | BV426: =BT426&"|"&BU426 -> |||No Factor | BW426: =IF(RIGHT(BV426,9)="Duplicate","This factor has already been used. Please revise.","")
H427: =COUNTIF($C$8:$C$108,G427) -> 0 | K427: =SUMIFS($F$8:$F$108,$B$8:$B$108,$A$407,$C$8:$C$108,G427)+$K$408 -> 0 | L427: =SUMIFS($F$8:$F$108,$B$8:$B$108,$A$408,$C$8:$C$108,G427)+$L$408 -> 0 | M427: =SUMIFS($F$8:$F$108,$B$8:$B$108,$A$409,$C$8:$C$108,G427)+$M$408 -> 0 | P427: [I] Central Function | Q427: [I] Indirect aspects necessitating increase in audit time | R427: [I] Central Function | AF427: =IF(AA427="All Sites",SUMIFS($AD$408:$AD$508,$AA$408:$AA$508,AA427),IF(AA427<>"",(SUMIFS($AD$408:$AD$508,$AA$408:$AA$508,AA427)+$AL$408),"")) | AG427: =Z427&"|"&AA427&"|"&AB427 -> || | AH427: =IF(AG427<>"||",(IF(COUNTIF(AG427:AG527,AG427)>1, "Duplicate", "Unique")),"No Factor") -> No Factor | AI427: =AG427&"|"&AH427 -> |||No Factor | AJ427: =IF(RIGHT(AI427,9)="Duplicate","This factor has already been used. Please revise.","") | AK427: =IF(AND(AA427<>"",AND(AB427=AB426,AA427=AA426)),"This factor has already been used for this Site; please revise","") | AU427: =IF(AP427="All Sites",SUMIFS($AS$408:$AS$508,$AP$408:$AP$508,AP427),IF(AP427<>"",(SUMIFS($AS$408:$AS$508,$AP$408:$AP$508,AP427)+$BA$408),"")) | AV427: =AO427&"|"&AP427&"|"&AQ427 -> || | AW427: =IF(AV427<>"||",(IF(COUNTIF(AV427:AV527,AV427)>1, "Duplicate", "Unique")),"No Factor") -> No Factor | AX427: =AV427&"|"&AW427 -> |||No Factor | AY427: =IF(RIGHT(AX427,9)="Duplicate","This factor has already been used. Please revise.","") | AZ427: =IF(AQ427=$AQ$408,"This factor has already been used for All Sites; please revise","") -> This factor has already been used for All Sites; please revise | BH427: =IF(BC427="All Sites",SUMIFS($BF$408:$BF$508,$BC$408:$BC$508,BC427),IF(BC427<>"",(SUMIFS($BF$408:$BF$508,$BC$408:$BC$508,BC427)+$BJ$408),"")) | BI427: =IF(BU427="Duplicate","This factor has already been used for this site selection; please revise","") | BT427: =BB427&"|"&BC427&"|"&BD427 -> || | BU427: =IF(BT427<>"||",(IF(COUNTIF(BT427:BT527,BT427)>1, "Duplicate", "Unique")),"No Factor") -> No Factor | BV427: =BT427&"|"&BU427 -> |||No Factor | BW427: =IF(RIGHT(BV427,9)="Duplicate","This factor has already been used. Please revise.","")
H428: =COUNTIF($C$8:$C$108,G428) -> 0 | K428: =SUMIFS($F$8:$F$108,$B$8:$B$108,$A$407,$C$8:$C$108,G428)+$K$408 -> 0 | L428: =SUMIFS($F$8:$F$108,$B$8:$B$108,$A$408,$C$8:$C$108,G428)+$L$408 -> 0 | M428: =SUMIFS($F$8:$F$108,$B$8:$B$108,$A$409,$C$8:$C$108,G428)+$M$408 -> 0 | P428: [I] Other | Q428: [I] Additional or unusual eviromental aspects or regulated conditions | R428: [I] Other | AF428: =IF(AA428="All Sites",SUMIFS($AD$408:$AD$508,$AA$408:$AA$508,AA428),IF(AA428<>"",(SUMIFS($AD$408:$AD$508,$AA$408:$AA$508,AA428)+$AL$408),"")) | AG428: =Z428&"|"&AA428&"|"&AB428 -> || | AH428: =IF(AG428<>"||",(IF(COUNTIF(AG428:AG528,AG428)>1, "Duplicate", "Unique")),"No Factor") -> No Factor | AI428: =AG428&"|"&AH428 -> |||No Factor | AJ428: =IF(RIGHT(AI428,9)="Duplicate","This factor has already been used. Please revise.","") | AK428: =IF(AND(AA428<>"",AND(AB428=AB427,AA428=AA427)),"This factor has already been used for this Site; please revise","") | AU428: =IF(AP428="All Sites",SUMIFS($AS$408:$AS$508,$AP$408:$AP$508,AP428),IF(AP428<>"",(SUMIFS($AS$408:$AS$508,$AP$408:$AP$508,AP428)+$BA$408),"")) | AV428: =AO428&"|"&AP428&"|"&AQ428 -> || | AW428: =IF(AV428<>"||",(IF(COUNTIF(AV428:AV528,AV428)>1, "Duplicate", "Unique")),"No Factor") -> No Factor | AX428: =AV428&"|"&AW428 -> |||No Factor | AY428: =IF(RIGHT(AX428,9)="Duplicate","This factor has already been used. Please revise.","") | AZ428: =IF(AQ428=$AQ$408,"This factor has already been used for All Sites; please revise","") -> This factor has already been used for All Sites; please revise | BH428: =IF(BC428="All Sites",SUMIFS($BF$408:$BF$508,$BC$408:$BC$508,BC428),IF(BC428<>"",(SUMIFS($BF$408:$BF$508,$BC$408:$BC$508,BC428)+$BJ$408),"")) | BI428: =IF(BU428="Duplicate","This factor has already been used for this site selection; please revise","") | BT428: =BB428&"|"&BC428&"|"&BD428 -> || | BU428: =IF(BT428<>"||",(IF(COUNTIF(BT428:BT528,BT428)>1, "Duplicate", "Unique")),"No Factor") -> No Factor | BV428: =BT428&"|"&BU428 -> |||No Factor | BW428: =IF(RIGHT(BV428,9)="Duplicate","This factor has already been used. Please revise.","")
H429: =COUNTIF($C$8:$C$108,G429) -> 0 | K429: =SUMIFS($F$8:$F$108,$B$8:$B$108,$A$407,$C$8:$C$108,G429)+$K$408 -> 0 | L429: =SUMIFS($F$8:$F$108,$B$8:$B$108,$A$408,$C$8:$C$108,G429)+$L$408 -> 0 | M429: =SUMIFS($F$8:$F$108,$B$8:$B$108,$A$409,$C$8:$C$108,G429)+$M$408 -> 0 | Q429: [I] Risks of environmental accidents | AF429: =IF(AA429="All Sites",SUMIFS($AD$408:$AD$508,$AA$408:$AA$508,AA429),IF(AA429<>"",(SUMIFS($AD$408:$AD$508,$AA$408:$AA$508,AA429)+$AL$408),"")) | AG429: =Z429&"|"&AA429&"|"&AB429 -> || | AH429: =IF(AG429<>"||",(IF(COUNTIF(AG429:AG529,AG429)>1, "Duplicate", "Unique")),"No Factor") -> No Factor | AI429: =AG429&"|"&AH429 -> |||No Factor | AJ429: =IF(RIGHT(AI429,9)="Duplicate","This factor has already been used. Please revise.","") | AK429: =IF(AND(AA429<>"",AND(AB429=AB428,AA429=AA428)),"This factor has already been used for this Site; please revise","") | AU429: =IF(AP429="All Sites",SUMIFS($AS$408:$AS$508,$AP$408:$AP$508,AP429),IF(AP429<>"",(SUMIFS($AS$408:$AS$508,$AP$408:$AP$508,AP429)+$BA$408),"")) | AV429: =AO429&"|"&AP429&"|"&AQ429 -> || | AW429: =IF(AV429<>"||",(IF(COUNTIF(AV429:AV529,AV429)>1, "Duplicate", "Unique")),"No Factor") -> No Factor | AX429: =AV429&"|"&AW429 -> |||No Factor | AY429: =IF(RIGHT(AX429,9)="Duplicate","This factor has already been used. Please revise.","") | BH429: =IF(BC429="All Sites",SUMIFS($BF$408:$BF$508,$BC$408:$BC$508,BC429),IF(BC429<>"",(SUMIFS($BF$408:$BF$508,$BC$408:$BC$508,BC429)+$BJ$408),"")) | BI429: =IF(BU429="Duplicate","This factor has already been used for this site selection; please revise","") | BT429: =BB429&"|"&BC429&"|"&BD429 -> || | BU429: =IF(BT429<>"||",(IF(COUNTIF(BT429:BT529,BT429)>1, "Duplicate", "Unique")),"No Factor") -> No Factor | BV429: =BT429&"|"&BU429 -> |||No Factor | BW429: =IF(RIGHT(BV429,9)="Duplicate","This factor has already been used. Please revise.","")
H430: =COUNTIF($C$8:$C$108,G430) -> 0 | K430: =SUMIFS($F$8:$F$108,$B$8:$B$108,$A$407,$C$8:$C$108,G430)+$K$408 -> 0 | L430: =SUMIFS($F$8:$F$108,$B$8:$B$108,$A$408,$C$8:$C$108,G430)+$L$408 -> 0 | M430: =SUMIFS($F$8:$F$108,$B$8:$B$108,$A$409,$C$8:$C$108,G430)+$M$408 -> 0 | Q430: [I] Central Function | AF430: =IF(AA430="All Sites",SUMIFS($AD$408:$AD$508,$AA$408:$AA$508,AA430),IF(AA430<>"",(SUMIFS($AD$408:$AD$508,$AA$408:$AA$508,AA430)+$AL$408),"")) | AG430: =Z430&"|"&AA430&"|"&AB430 -> || | AH430: =IF(AG430<>"||",(IF(COUNTIF(AG430:AG530,AG430)>1, "Duplicate", "Unique")),"No Factor") -> No Factor | AI430: =AG430&"|"&AH430 -> |||No Factor | AJ430: =IF(RIGHT(AI430,9)="Duplicate","This factor has already been used. Please revise.","") | AK430: =IF(AND(AA430<>"",AND(AB430=AB429,AA430=AA429)),"This factor has already been used for this Site; please revise","") | AU430: =IF(AP430="All Sites",SUMIFS($AS$408:$AS$508,$AP$408:$AP$508,AP430),IF(AP430<>"",(SUMIFS($AS$408:$AS$508,$AP$408:$AP$508,AP430)+$BA$408),"")) | AV430: =AO430&"|"&AP430&"|"&AQ430 -> || | AW430: =IF(AV430<>"||",(IF(COUNTIF(AV430:AV530,AV430)>1, "Duplicate", "Unique")),"No Factor") -> No Factor | AX430: =AV430&"|"&AW430 -> |||No Factor | AY430: =IF(RIGHT(AX430,9)="Duplicate","This factor has already been used. Please revise.","") | BH430: =IF(BC430="All Sites",SUMIFS($BF$408:$BF$508,$BC$408:$BC$508,BC430),IF(BC430<>"",(SUMIFS($BF$408:$BF$508,$BC$408:$BC$508,BC430)+$BJ$408),"")) | BI430: =IF(BU430="Duplicate","This factor has already been used for this site selection; please revise","") | BT430: =BB430&"|"&BC430&"|"&BD430 -> || | BU430: =IF(BT430<>"||",(IF(COUNTIF(BT430:BT530,BT430)>1, "Duplicate", "Unique")),"No Factor") -> No Factor | BV430: =BT430&"|"&BU430 -> |||No Factor | BW430: =IF(RIGHT(BV430,9)="Duplicate","This factor has already been used. Please revise.","")
H431: =COUNTIF($C$8:$C$108,G431) -> 0 | K431: =SUMIFS($F$8:$F$108,$B$8:$B$108,$A$407,$C$8:$C$108,G431)+$K$408 -> 0 | L431: =SUMIFS($F$8:$F$108,$B$8:$B$108,$A$408,$C$8:$C$108,G431)+$L$408 -> 0 | M431: =SUMIFS($F$8:$F$108,$B$8:$B$108,$A$409,$C$8:$C$108,G431)+$M$408 -> 0 | Q431: [I] Other | AF431: =IF(AA431="All Sites",SUMIFS($AD$408:$AD$508,$AA$408:$AA$508,AA431),IF(AA431<>"",(SUMIFS($AD$408:$AD$508,$AA$408:$AA$508,AA431)+$AL$408),"")) | AG431: =Z431&"|"&AA431&"|"&AB431 -> || | AH431: =IF(AG431<>"||",(IF(COUNTIF(AG431:AG531,AG431)>1, "Duplicate", "Unique")),"No Factor") -> No Factor | AI431: =AG431&"|"&AH431 -> |||No Factor | AJ431: =IF(RIGHT(AI431,9)="Duplicate","This factor has already been used. Please revise.","") | AK431: =IF(AND(AA431<>"",AND(AB431=AB430,AA431=AA430)),"This factor has already been used for this Site; please revise","") | AU431: =IF(AP431="All Sites",SUMIFS($AS$408:$AS$508,$AP$408:$AP$508,AP431),IF(AP431<>"",(SUMIFS($AS$408:$AS$508,$AP$408:$AP$508,AP431)+$BA$408),"")) | AV431: =AO431&"|"&AP431&"|"&AQ431 -> || | AW431: =IF(AV431<>"||",(IF(COUNTIF(AV431:AV531,AV431)>1, "Duplicate", "Unique")),"No Factor") -> No Factor | AX431: =AV431&"|"&AW431 -> |||No Factor | AY431: =IF(RIGHT(AX431,9)="Duplicate","This factor has already been used. Please revise.","") | BH431: =IF(BC431="All Sites",SUMIFS($BF$408:$BF$508,$BC$408:$BC$508,BC431),IF(BC431<>"",(SUMIFS($BF$408:$BF$508,$BC$408:$BC$508,BC431)+$BJ$408),"")) | BI431: =IF(BU431="Duplicate","This factor has already been used for this site selection; please revise","") | BT431: =BB431&"|"&BC431&"|"&BD431 -> || | BU431: =IF(BT431<>"||",(IF(COUNTIF(BT431:BT531,BT431)>1, "Duplicate", "Unique")),"No Factor") -> No Factor | BV431: =BT431&"|"&BU431 -> |||No Factor | BW431: =IF(RIGHT(BV431,9)="Duplicate","This factor has already been used. Please revise.","")
